hd_nm,숙박업소수,lat,lon
중앙동,1031,37.4841881538496,126.949789748223
남면,245,37.8981269123829,126.97671505489
대천5동,237,36.3170192324943,126.515216651314
북면,227,37.8881266033117,127.549275493771
애월읍,197,33.4621910539136,126.328972924341
서면,176,36.1529530300702,126.549520993675
영흥면,159,37.2559012375489,126.483321517933
황오동,155,35.8415891036536,129.217963372889
원평동,154,36.9892773148455,127.080400630556
송정동,151,37.5545322586259,127.069569072089
가평읍,150,37.8253637998686,127.51653874145
의정부1동,144,37.7322814632719,127.049138518109
연동,144,36.5552990017923,127.327345245798
종로1.2.3.4가동,136,37.5744355396605,126.990287260844
상면,135,37.80471517536,127.356786438653
설천면,130,36.0081773310552,127.789619970763
민락동,129,37.7403538413428,127.096358976229
용유동,122,37.4438906327653,126.402431788746
강현면,117,38.1499826978456,128.607652116524
매산동,117,37.3561632431133,127.263198103317
돌산읍우두출장소,116,,
청평면,106,37.7404626327353,127.424141651948
삼산동,104,37.5171021494125,126.740015740398
울릉읍,104,37.4850099411885,130.903667789132
명동,103,37.5583576447484,126.985241620075
안면읍,100,36.5205361060362,126.344511519837
괘법동,99,35.1637613818616,128.987191072181
중제1동,98,35.1625326507826,129.164231561405
안덕면,96,36.2889433818906,128.959974416562
인계동,95,37.2680282557077,127.030169699689
우제1동,94,35.162890635518,129.158109075137
충무동,89,34.7427334122646,127.731073366721
서신면,89,37.1665728218833,126.708732190777
온천1동,89,36.787119462153,126.999498090973
영등포동,87,37.5134118222973,126.906168599588
오동동,86,36.6913507402524,127.473592771243
신안동,86,37.2840915640961,127.012674868847
성산읍,85,33.4422319176823,126.911008568553
부전제2동,83,35.1525819388075,129.056791426214
변산면,82,35.6634889289626,126.528462533106
광희동,81,37.5644311770076,127.005052665365
심곡2동,79,37.4873910918128,126.787047461889
우산동,78,37.3714829095559,127.940063693835
우아2동,77,35.837733073818,127.16704285081
조종면,77,37.8175158053297,127.353241002492
경포동,76,37.7837421724456,128.880646600214
주안1동,75,37.4618867020531,126.68180575715
인화동,74,35.9294686234136,126.953627895067
대흥동,74,37.5498936438386,126.943403941965
토성면,72,38.257289697991,128.558906495609
현남면,72,37.9692314024179,128.759480350041
성북동,72,37.5910466093958,127.003274531869
상남동,71,35.2133702442787,128.573981518795
교2동,71,37.7679227366824,128.892388218501
설악면,70,37.675800962675,127.494710840944
대원1동,69,37.1386482302621,127.071757056244
부전제1동,68,35.1635064656059,129.063005554801
봉평면,67,37.6161929793163,128.379492494281
조천읍,67,33.5344013008286,126.634132237491
한림읍,66,33.4105783903133,126.266790495497
대관령면,65,37.6736318231798,128.706141784901
신흥동,64,37.4431149209874,127.141137377657
온천제1동,64,35.2200984550671,129.080101068972
원북면,63,36.8234925898819,126.257125053878
대포동,63,37.2099434833441,127.459240269813
용전동,63,36.3577370465826,127.432394996182
상북면,62,35.4183556867407,129.064363371184
중리동,62,36.9752113795268,127.282208153082
금암동,62,37.1728363974498,127.045940876879
장흥면,61,37.7178722789736,126.941144103763
부원동,61,36.4502038878809,128.152367408726
합성2동,61,35.239021840959,128.586767042971
쌍봉동,60,34.7635134286984,127.665501856707
삼산면,60,37.704947426536,126.32040974097
수택1동,59,37.6003893095793,127.141914085327
치평동,59,35.1499115711346,126.843338672019
부평5동,59,37.4989573464571,126.730977360585
충장동,59,35.1492133889208,126.917785085987
신촌동,58,37.5651616940517,126.93927687604
남포동,58,35.4675198029207,128.788320441461
행궁동,57,37.2840915640961,127.012674868847
담양읍,57,35.3204168100539,126.981845552341
기장읍,57,35.2387101064303,129.215856260425
천지동,57,33.2478169929893,126.561281643722
강동면,57,37.7280943167627,128.954226402687
성남동,56,37.4353291482243,127.138944267643
회현동,56,37.5572755681352,126.979370256256
한려동,56,34.7449204717694,127.747363762586
광안제2동,56,35.1557386663377,129.113788434073
완도읍,55,34.3167363256863,126.745538365407
근흥면,55,36.7136334038549,126.228049810552
소원면,55,36.7625575970509,126.197267469025
불국동,54,35.7752856977405,129.300647520194
신림동,54,37.4894520674165,126.926185482384
신당동,54,37.5620157313143,127.014442188261
대정읍,54,33.2266781347046,126.251842356115
상대동,53,36.3468039903396,127.334691588011
목원동,53,34.7929009833563,126.382789429409
옥천동,52,37.569559807873,126.95890126611
소흘읍,52,37.8233192010335,127.138600788633
예산읍,51,36.6787124218355,126.846237861032
신평동,51,37.6239947341864,126.782131832295
덕산면,51,36.912025983545,128.164408023592
중구동,50,36.5647241325411,128.737707025469
안양1동,50,37.3991449928982,126.925867569633
고현동,50,37.1339715408823,127.080458931383
가경동,50,36.6288623975897,127.433046117468
옥련1동,49,37.4273607302004,126.655094387345
반포면,49,36.3969104717602,127.250273653201
동명동,49,38.2126946964894,128.595718509916
부평1동,49,37.4942717667343,126.719966543878
동서금동,48,34.9300804026945,128.08430501849
온양1동,48,36.787119462153,126.999498090973
탄현면,48,37.8025424016272,126.716245034905
태안읍,47,36.7576735242424,126.296315451208
강구면,47,36.3618079391739,129.378593083085
남항동,47,35.0899428667103,129.037626301725
노형동,46,33.4830787814699,126.477191625107
묵호동,46,37.5586754265223,129.114239769923
신정3동,46,37.5151186039402,126.854799875203
손양면,46,38.0605654654139,128.641095471494
초당동,46,37.7918714159225,128.915965886695
남산면,46,37.79186457822,127.646194579037
삼도1동,46,33.5041154033509,126.517362400658
인동동,46,36.1040814905602,128.429300845645
활천동,46,35.2289059830973,128.899839569841
신천4동,45,35.871749274652,128.62930603461
주문진읍,45,37.894000235204,128.823428734257
암남동,45,35.0799230863601,129.020968156487
부춘동,45,36.7861420278261,126.448124620653
운서동,45,37.4933298817888,126.48834389365
구좌읍,45,33.5225267070188,126.852053599141
성내2동,45,37.5359945895602,127.128269010821
대교동,45,36.2109112680839,127.088520172956
신흥1동,44,37.4430427968348,127.141173403387
대이동,44,36.0172293224392,129.34298805666
소룡동,43,35.9737985939986,126.68380921463
영화동,43,37.2931846908545,127.014029745892
초량제2동,43,35.1165205379732,129.038467944697
죽도동,43,36.0311497498972,129.36326916046
우아1동,43,35.8498561266479,127.15955839816
삼도2동,43,33.5117364098811,126.522210779322
역삼1동,42,37.4954279212043,127.033201088112
사북읍,42,37.2277245267372,128.821814063945
조치원읍,42,36.604591645707,127.298444484667
송산동,42,37.2128949391582,127.00934174173
을지로동,42,37.5665933374822,126.991062500268
현북면,42,38.0190056461486,128.723115872388
중마동,42,34.9406765748839,127.697373408968
무전동,42,34.8589635944091,128.429046283282
음봉면,41,36.8497784176223,127.012244009139
은행선화동,41,36.3324194888785,127.416657701429
도사동,41,34.9252336911575,127.493733712423
용문면,41,37.4889036515229,127.599161344743
죽왕면,41,38.3287596789233,128.525205848883
속리산면,41,36.5121159593931,127.810350567255
고창읍,41,35.4344530435265,126.703032405916
홍천읍,41,37.68943404802,127.884306327398
화도면,41,37.631674841393,126.419836724037
대천1동,41,36.3575019503494,126.608134100698
영서동,40,37.1328082867613,128.201781635547
문성동,40,36.8109941683622,127.150238368756
숭인제2동,40,37.5748775396923,127.01996896628
봉방동,40,36.9736601560483,127.919281720775
성정2동,40,36.8237080244835,127.137489843968
고한읍,40,37.2042701836793,128.851646873504
화곡제1동,40,37.5303934432113,126.841601310694
만호동,40,34.784931327094,126.384666821074
수진1동,39,37.4385655182191,127.139009009323
단양읍,39,36.9865888752015,128.368105855161
석남1동,39,37.5105090759747,126.672777277744
풍남동,39,35.8170505940996,127.148095344105
광양읍,39,34.9733957674245,127.581009833264
조곡동,39,34.9500812828914,127.498559431746
동문2동,39,36.7777875303449,126.46002260717
장유2동,38,35.1971033599817,128.797742392563
서생면,38,35.3499614459463,129.325929218322
동명면,38,35.9840337863385,128.553499118489
신장2동,38,37.1697708780842,127.065391041868
고성읍,38,34.9780627409928,128.319336171774
근화동,37,37.880716620367,127.712178775428
동문동,37,36.7898042277763,126.4591361147
팔룡동,37,35.2554256323431,128.612831808011
고남면,37,36.4204207894429,126.409110951842
화산동,37,37.2060319782521,127.014833684882
소공동,37,37.5638997702146,126.97979400965
옥포1동,37,34.8909812199304,128.692656286677
표선면,37,33.3267161050564,126.83098213169
신흥3동,37,37.4434875357522,127.148813337522
신탄진동,37,36.4517152153308,127.429101079908
성안동,37,36.6316706732217,127.493227287284
광도면,36,34.899816733574,128.406898172064
거창읍,36,35.688010089553,127.903914924402
초량제1동,36,35.1139466132853,129.036978077125
사천읍,36,35.0876951067403,128.087755616755
대륜동,36,33.255805716824,126.510159900758
상봉제2동,36,37.5929903188243,127.080873522447
초량제3동,36,35.1213070229154,129.039784953661
감포읍,36,35.8073787137645,129.501640236716
신관동,36,36.4722527778363,127.132657794031
강남동,35,37.7441722081056,128.905623339912
오천읍,35,35.9631089905042,129.414715591134
지산동,35,37.0774051123925,127.057583461173
휴천2동,35,36.810099861933,128.621768195735
오창읍,35,36.7423562993671,127.454499829132
중화산1동,35,35.8145858953738,127.124854086429
영종2동,35,37.4992873638912,126.568735630471
연지동,35,37.5737475791241,127.000131313214
덕연동,35,34.9483217212493,127.510726551755
강하면,35,37.4949573777617,127.410464187932
정방동,35,33.2458653684424,126.565248720149
양구읍,35,38.1080405251365,127.990430398263
둔내면,35,37.5122165122342,128.218832889124
이도1동,35,33.506940204328,126.526976882752
평리4동,34,35.8673363043504,128.556819725895
길상면,34,37.6416648973794,126.489222662087
정량동,34,34.8479425295669,128.435769681857
동인천동,34,37.4768011707515,126.629009570448
조양동,34,38.1876460540134,128.590848362527
중문동,34,33.2533312875494,126.433639283924
청호동,33,37.1297879893843,127.08423572355
안양6동,33,37.3900331135117,126.930578706707
성정1동,33,36.817943500518,127.141442613597
문경읍,33,36.7372964073235,128.107044342103
가리봉동,33,37.4825327471336,126.889718085071
당진1동,33,36.8931857914658,126.627123453099
송악읍,33,36.9032899512218,126.690244193974
해도동,33,36.0232879798442,129.371374866188
삼수동,33,37.1804618324004,128.977959273292
방이2동,33,37.5163879637604,127.111322597288
노학동,33,38.1898578919459,128.525468019074
구포제1동,33,35.2063951078771,129.001128574057
양양읍,32,38.0806715229116,128.624012188104
신정1동,32,37.5185381615639,126.854272909009
첨단1동,32,35.2195057621982,126.842401050001
신정2동,32,37.5220977070946,126.875243493723
도곡면,32,34.9961421462449,126.917500310564
동탄1동,32,37.2065228742697,127.071915895498
교동,32,37.273325896649,127.013065432691
남원읍,32,33.2798847892293,126.720665667691
의정부2동,32,37.7407854899454,127.04279066311
이도2동,32,33.4970469392181,126.535290947589
상평동,32,35.5615502611493,126.83376602516
남양동,32,37.1930203313884,126.821319091973
창신제1동,32,37.5707371209355,127.016368212448
일도1동,31,33.5150737360434,126.526342790761
조촌동,31,35.974453644408,126.737163222161
미조면,31,34.7120206495288,128.046036616919
남영동,31,37.5430061454345,126.973322683547
종로5.6가동,31,37.5720319758374,127.005071290563
단계동,31,37.3526136221706,127.934460509721
나운3동,31,35.9587982422936,126.689251951054
건입동,31,33.515032107982,126.531518045313
전곡읍,31,38.0280339296486,127.063864039262
양평읍,31,37.4864297288723,127.493513635969
부여읍,31,36.2755701058278,126.911170936552
대산읍,31,36.9396086255271,126.434317146792
서종면,31,37.6065762917832,127.348721243795
달동,31,34.7718846174699,126.312902273487
풍덕동,30,34.9418550411378,127.4973011506
비산7동,30,35.8882092414119,128.559137452069
취암동,30,36.1976453244327,127.093575384904
명곡동,30,35.344398478414,129.077582220954
금촌1동,30,37.7663443619159,126.775963044317
홍성읍,30,36.601469644599,126.662222238465
연산제4동,30,35.1862796387452,129.084942089482
장목면,30,34.9865258218334,128.682237779067
영랑동,30,38.2144249748234,128.594605409442
논현1동,30,37.5114706392719,127.028552712008
봉림동,30,35.2519257522822,128.667572368538
학성동,29,37.3535203041358,127.944182694542
웅동2동,29,35.1012017875109,128.814806700491
화촌면,29,37.7710054077675,127.966895174076
부평동,29,37.4910355141781,126.723090470976
창전동,29,37.549273643204,126.92977041133
예래동,29,33.2542812829967,126.397876776449
산내면,29,35.4192216747994,127.623223361139
강경읍,29,36.1581139641803,127.01795887547
월영동,29,35.1741600788586,128.558016561748
부안읍,29,35.7296006156516,126.736886839406
온양2동,29,36.778385802775,127.003441271391
동송읍,29,38.2072165163278,127.208191410563
범일제2동,28,35.1365207853125,129.062021505661
하단제2동,28,35.11454437564,128.960528569198
용당2동,28,34.7995550223721,126.399716840077
장천동,28,38.2144249748234,128.594605409442
중흥1동,28,35.1616781988718,126.913755347083
증평읍,28,36.7846371098648,127.581032220365
여흥동,28,37.2951248426236,127.639877544913
평화남산동,28,36.1205796668764,128.116164055476
해남읍,28,34.5652050470619,126.599187892847
하북면,28,35.4892594465853,129.086995475879
당산제1동,28,37.5249733938377,126.89738449562
간석2동,28,37.4617909367271,126.708969924573
천호제2동,27,37.5423772043678,127.128329732293
계림1동,27,35.1584986478931,126.919645974132
십정2동,27,37.4738581467182,126.707878560193
삼호읍,27,34.7460172599514,126.469204953175
주안6동,27,37.4603321064149,126.6908366127
감전동,27,35.1542462143807,128.979410354416
소양동,27,37.8822401631629,127.72471526546
흥남동,27,35.9778029861513,126.715202721626
퇴계동,27,37.8623581033746,127.729434261646
개항동,27,37.476144140977,126.603159858587
연산제5동,27,35.1844710333271,129.076079497483
덕진동,27,36.4236154790315,127.368013981303
영북면,27,38.089131438745,127.275516543269
단장면,26,35.5152655896839,128.875972446759
일도2동,26,33.5116350824125,126.538286876716
동천동,26,37.341861019263,127.099224030122
제기동,26,37.5831154639891,127.037818414722
돌산읍,26,34.6173483624976,127.721929765524
범천제1동,26,35.1470238040658,129.061018201172
내장상동,26,35.5573644882452,126.8687165098
왕십리도선동,26,37.5678811410707,127.025531625263
공산동,26,35.9401940667373,128.64422906022
정왕1동,26,37.3402702220579,126.743867571554
신지면,26,34.3347569303218,126.827191356724
천곡동,26,37.5228778892452,129.116146826239
구로제2동,26,37.4913926941214,126.883499417136
천전동,26,35.1807578124987,128.084848953715
가산동,26,37.4768763179224,126.891779471155
대곡동,26,37.6231788392195,126.668509703115
향남읍,26,37.1324330694414,126.920343984223
양남면,26,35.6777902076175,129.460381239413
장승포동,26,34.8673689625637,128.727194788555
북방면,26,37.705563256545,127.853191045521
영광읍,26,35.2732310473185,126.512824487686
황학동,25,37.5674999372117,127.021415848975
진천읍,25,36.8549180587998,127.441283558856
일동면,25,37.961275785629,127.317109699824
주교동,25,37.5682515063243,126.999357065301
문창동,25,36.3162160271414,127.437915923805
연안동,25,37.4532343334369,126.604524133004
무거동,25,35.5509734013831,129.260721520209
수안보면,25,36.8472710272132,127.994785817453
복대1동,25,36.6355145572482,127.432546641702
포승읍,25,36.9828189890725,126.885294803342
함양읍,25,35.519734893582,127.72681578196
송정2동,25,35.1366256906513,126.797261764255
목천읍,25,36.7849559698491,127.23468497964
유천1동,25,36.3150670357114,127.39524343471
대소면,25,36.9719391622425,127.483299023928
동면,25,36.7787333900904,127.34845209197
삼동면,25,34.8309939303435,128.000998046173
부곡면,25,35.4348991221209,128.602912490818
강동동,25,35.2145168459075,128.93527140593
효자2동,25,37.8723911703887,127.736334241737
일운면,25,34.8296640389977,128.703143487497
구포제2동,25,35.2016572756702,128.999462061189
태화동,25,36.5611392085551,128.71397943818
만덕동,24,34.7536947194219,127.746468621015
서교동,24,37.5550949138083,126.914613374473
양동면,24,37.4251059645742,127.751177593936
권선1동,24,37.2577432483636,127.024583383797
월곶동,24,37.3888935036861,126.74239234901
일산동,24,37.6871456348794,126.768555621104
사천면,24,37.8235278808534,128.848721826973
남정면,24,36.285913657574,129.372516225882
화천읍,24,38.1042562811837,127.707178844679
계산1동,24,37.5396278211812,126.721353937644
죽변면,24,37.059757444572,129.422274724234
상동,24,37.4949021135947,126.760804751664
월명동,24,35.9864362735702,126.70897516729
문산읍,24,37.8565504951624,126.790957897268
대천동,24,37.0079905793512,127.269152148842
양포동,24,36.1369565615245,128.425817683388
재송제1동,23,35.1846376319865,129.125267424067
합성1동,23,35.2421628191971,128.583932495999
지정면,23,37.3621506214657,127.840189486855
연무읍,23,36.1251549263367,127.098985768452
이동면,23,38.0306695650759,127.367579322942
근덕면,23,37.3792784455933,129.225825562476
신암4동,23,35.8850751306222,128.629317682417
백석읍,23,37.795037673394,126.985512570135
대조동,23,37.6141899645264,126.920825111083
구룡포읍,23,35.9851864774711,129.546087974398
산동면,23,35.4926802728526,127.476206403134
백령면,23,37.9743612082699,124.718710475439
동부면,23,34.8215720892901,128.608217661284
보덕동,23,35.8347070259657,129.287433647242
진영읍,23,35.3044678767131,128.736863019424
역삼2동,23,37.4959639052055,127.046839198832
북부동,22,35.8488692082244,129.212313824127
화곡본동,22,37.5440461638815,126.847669275402
화개면,22,35.1883820741369,127.625447752166
용암1동,22,36.6088669077468,127.501375645957
운암2동,22,35.1725427835625,126.885066491948
요촌동,22,35.8052069705823,126.891450914315
소라면,22,34.7927178488215,127.632515201229
길동,22,37.5344859624469,127.142712345548
이원면,22,36.2462386585296,127.619502504301
수유3동,22,37.6410058344712,127.02393413051
학동,22,37.7551365767369,128.93177368976
옥천읍,22,36.3073845913301,127.574897076747
강진읍,22,34.6357994202297,126.77352165781
송림3.5동,22,37.4792502074144,126.652484195536
인제읍,21,38.0703902211485,128.172217558963
초읍동,21,35.1813784873046,129.047278314668
초지동,21,37.3100013406105,126.816873385207
금호동,21,37.5548857249068,127.02279294328
잠실본동,21,37.5060603472207,127.083254253495
우암동,21,36.6492363833712,127.486866445706
둔산2동,21,36.3538336339666,127.3837013281
금왕읍,21,36.9921738540871,127.58645788118
주천면,21,37.2721876092467,128.268910017243
사등면,21,34.9189395086403,128.522276169021
연희동,21,37.5739100104158,126.935230751932
하당동,21,34.8086351826212,126.420061510822
단월면,21,37.5385614314036,127.672990233658
동광동,21,35.1074124742504,129.035192404726
석전동,21,35.2293863941034,128.56819711454
도양읍,21,34.5295137741222,127.138467785377
온천제3동,21,35.2034426097571,129.065517389675
예천읍,21,36.6568661976674,128.452789326867
청하면,20,35.903415960436,126.840648762603
사내면,20,38.0701588123932,127.523433810035
영월읍,20,37.1874352109429,128.466067893114
병곡면,20,36.6023461534823,129.410663787043
화양동,20,37.5464762611363,127.071367614735
명륜동,20,37.5891076921368,126.997468304522
용현5동,20,37.4496903479039,126.640236878589
효목1동,20,35.8816540448418,128.644944665344
청룡동,20,37.4790955291818,126.941675584432
포남1동,20,37.76787428933,128.908124468741
보은읍,20,36.4836388639021,127.717071120507
자산동,20,36.1223057105429,128.127771350855
두호동,20,36.0609207137712,129.38008534088
청계면,19,34.911121239225,126.428822137584
회화면,19,35.0603329792025,128.373272938478
온양3동,19,36.7835215129167,127.01289666649
망운면,19,35.0129150718681,126.394586056123
필동,19,37.5601640832367,126.995599542438
번1동,19,37.6383483053369,127.030155658216
영덕읍,19,36.4094818784277,129.372819347786
가조면,19,35.7109665927795,128.014707588168
부흥동,19,37.39363857634,126.947180552877
구로제4동,19,37.4916288000584,126.889161943621
석적읍,19,36.06681194461,128.400793715981
선주원남동,19,36.1425884596084,128.310193380143
금성면,19,37.0615804872321,128.168691236462
완산동,19,35.809221603317,127.134852281223
강화읍,19,37.748347928795,126.483733815019
석문면,19,36.981938816019,126.590888457963
광림동,19,34.7475344055288,127.727131842024
서포면,19,35.0061075610367,127.97802749124
옥동,19,35.123487977796,126.760046258084
가남읍,19,37.2018014404831,127.545159330237
한경면,19,33.3501250793764,126.184152847435
보성읍,19,34.7685076173862,127.080131495248
내덕1동,19,36.6583874005732,127.48263815217
도고면,18,36.7574456096592,126.877411186857
후포면,18,36.6784937659438,129.439340805339
매교동,18,37.2710728946344,127.016289588053
부곡동,18,37.3301202778153,126.933856423225
고등동,18,37.4282637538218,127.101344503792
옥천면,18,37.5180683190537,127.456063393349
웅천읍,18,36.2317710847342,126.60115837838
쌍용1동,18,36.8040320508009,127.130502594395
연곡면,18,37.8601061139786,128.836941450583
옥계면,18,37.6126632423991,129.0379307125
왜관읍,18,35.9890285712877,128.397709505787
용두동,18,37.575418648042,127.033598820976
울진읍,18,36.9972002793687,129.403050083353
웅진동,18,36.4559373477169,127.104397666726
원종1동,18,37.5259749992065,126.805463777462
수진2동,18,37.4372941455504,127.128701503043
의령읍,18,35.3212278175313,128.260456807629
일광읍,18,35.2639352860209,129.232263236668
장흥읍,18,34.6797661078409,126.902656420414
청산면,18,37.9817637060979,127.06768030665
고흥읍,18,34.6062565543403,127.280722165089
진부면,18,37.6373898432815,128.553137969179
창선면,18,34.8577585514021,128.012143306032
신포동,18,37.4711133457111,126.626505465171
안강읍,18,35.9902073180533,129.227014022471
북문동,18,36.567382958132,128.731337140765
성건동,18,35.8507768625382,129.207359894592
서구동,18,36.5643395233224,128.717494863148
산호동,18,35.2160543574231,128.585977212791
군북면,17,36.3301377538076,127.534426093381
망우본동,17,37.6005319691714,127.101414648372
용당1동,17,34.8059476435746,126.391714639688
무풍면,17,35.9699663355614,127.844635717683
성내.충인동,17,36.9734056370965,127.933882361537
팔탄면,17,37.1622647424703,126.904852591928
대현동,17,37.560768646354,126.947212193537
흑산면,17,34.6830172147539,125.427369709808
호미곶면,17,36.0808389212459,129.555558796117
교1동,17,37.7656087642154,128.874395269174
장기면,17,36.4967113002568,127.205654457633
외동읍,17,35.7174077063519,129.327562697191
광천읍,17,36.5046041286909,126.624963658707
횡성읍,17,37.4923616641075,127.992604693778
둔산1동,17,36.3525572796928,127.386030147258
광복동,17,35.0999627666088,129.030392960022
흥해읍,17,36.107129772667,129.341721472306
동해면,17,35.9884807143684,129.440175754937
대부동,17,37.2437201876214,126.585285091658
화양읍남성현출장소,17,,
북평동,17,37.4838308233309,129.125223115384
진북동,17,35.8279427810544,127.131417779563
용담2동,17,33.5114717601166,126.511681792485
부평4동,17,37.5008248454396,126.724985909611
송라면,17,36.2288578954538,129.357010374998
영통3동,17,37.2495485190412,127.073823313246
수민동,17,35.1960185698029,129.091044534314
여천동,17,34.7772090065679,127.667849154475
성내1동,17,37.5304794647648,127.122421771231
백운2동,17,35.1360888962486,126.902318258139
연산면,17,36.2134759344631,127.200569135756
영주1동,17,36.8265780169198,128.619878905479
신갈동,17,37.272546586554,127.107034404588
덕천제2동,17,35.2123651437989,129.007832675977
복대2동,17,36.6261772731519,127.443754850111
오라동,17,33.4951309224085,126.511579851714
합포동,17,35.2109657321392,128.579241204748
노송동,17,35.8243917583468,127.158383066938
문화동,17,36.6343422341887,127.49220671315
대연제1동,17,35.1345213888234,129.093476492915
옥포2동,17,34.8966075344371,128.687556050562
안성2동,17,37.0006254803577,127.269804751953
진산면,16,36.1443133063168,127.370225015163
진도읍,16,34.4807745844901,126.262846259233
두산동,16,37.7634707053707,128.928940348954
청량리동,16,37.5830468218369,127.048170770368
효자5동,16,35.8270944078686,127.094289395761
신호동,16,35.0854384207938,128.879117380298
청송읍,16,36.4279964219116,129.057606925592
청양읍,16,36.453339373109,126.806761960674
평거동,16,35.1738211142879,128.065384700633
하동읍,16,35.0721272532131,127.745260820046
정자1동,16,37.3727600961184,127.106323114642
점촌2동,16,36.5900185632562,128.19628757474
양평제1동,16,37.5236460161437,126.888227693253
망상동,16,37.5883709481936,129.087507972062
영동읍,16,36.1711011133666,127.776028621546
이서면,16,35.8206366026464,127.022521392115
서제3동,16,35.2171921288771,129.103930222536
부발읍,16,37.283660360919,127.486886526274
명지1동,16,35.1116319542869,128.917941543225
포천동,16,37.8982801816562,127.199918850892
미아동,16,37.6270831294021,127.027060776679
수성동,16,35.5695431253164,126.850397938287
송도2동,16,37.4032746079107,126.641696771317
강상면,16,37.4809148232956,127.477924857754
남해읍,16,34.838553445809,127.893742451126
광혜원면,16,36.9933747018963,127.435616264668
돌산읍죽포출장소,16,,
광천동,16,35.1643322251784,126.880318718859
광영동,16,34.9630703961993,127.725036610514
동량면,16,37.0263327303524,127.963254082287
수동면,15,37.7034248082825,127.325841809387
덕계동,15,37.8252044218029,127.035815323019
평화동,15,35.9841336268069,126.718417867964
서정동,15,37.067768614195,127.054711085274
광안제3동,15,35.1675606898878,129.112404419283
화양면,15,36.0377122828232,126.781852820917
장전제2동,15,35.227721847544,129.080959035112
토지면,15,35.1978744257442,127.526238011482
천북면,15,36.4787146689908,126.527235767674
온정면,15,36.7240505903019,129.345422358428
신북면,15,37.9339384363111,127.226332807245
양덕1동,15,35.2323024647889,128.586201190489
진서면,15,37.9505611855655,126.715007652455
벌교읍,15,34.847450927611,127.3415052337
통진읍,15,37.6864801478808,126.600590689838
거진읍,15,38.4361391562227,128.452553768285
동선동,15,37.5939893305551,127.020417940307
양지면,15,37.235472908635,127.279848670922
전농제1동,15,37.5780230697113,127.047705647167
기린면,15,37.9556038449986,128.319189529764
장항읍,15,36.0104236703412,126.700292669542
장평동,15,34.8894439413352,128.609443105247
서현1동,15,37.3829079107162,127.126016001895
일산2동,15,37.6846359762665,126.77721575142
송천동,15,37.6183082018068,127.023867953194
송중동,15,37.6161289893457,127.033793824171
갈말읍,15,38.1477243520665,127.30830034891
용담1동,15,33.509097798522,126.513266470185
금정동,15,37.365396718072,126.939356947385
불당1동,14,36.8059344038178,127.113723627709
경안동,14,37.4109187336633,127.257276415026
서제2동,14,35.2128782773556,129.104504042926
서초3동,14,37.4837080639573,127.01200750943
봉평동,14,34.822910899113,128.414887925305
장성읍,14,35.3032030896936,126.785267156907
구운동,14,37.2771111447235,126.971432311497
대화동,14,37.6829848694341,126.755141409924
용문동,14,37.5377008640148,126.959891817892
풍기읍,14,36.8672739628758,128.526272619327
북평면,14,37.4488891078994,128.670490518986
죽산면,14,37.0785624890218,127.422482028551
용현2동,14,37.4566591610752,126.643345558961
영주2동,14,36.8207376817204,128.618688875464
영천동,14,37.5703879302211,126.956682170377
물금읍,14,35.3104192438843,128.987276732779
용지동,14,35.2325285906299,128.681072060824
문막읍,14,37.3126265706472,127.817203298785
안중읍,14,36.9861235830997,126.931167606861
원곡면,14,37.0413570597829,127.131761959403
신평면,14,36.8853839433699,126.773564831775
상계6.7동,14,37.6752857104449,127.085073583523
곤지암읍,14,37.3509323278922,127.352374949357
대천2동,14,36.353392373452,126.589808070656
오학동,14,37.3110856971201,127.647466891088
남양읍,14,37.1930203313884,126.821319091973
음성읍,14,36.9348645388957,127.690556521919
대신동,14,37.5640649698094,126.944330406191
논현2동,14,37.517393186314,127.037350857638
가야읍,14,35.2722170382263,128.408174194563
송월동,14,37.5700627844637,126.9651946575
대항면,14,36.1244900823222,128.022140547515
첨단2동,14,35.2162837576693,126.843343053856
봉동읍,14,35.9416848722572,127.165802836097
의성읍,14,36.3559132632107,128.694803424583
내가면,14,37.7193820844793,126.389827319378
온산읍,14,35.4346153058243,129.314340288158
시흥제1동,14,37.4535392677412,126.903250685753
진접읍,14,37.7263004861765,127.189886481276
가야면,14,35.7626467994914,128.139470362942
금산읍,14,36.107237959633,127.490541064019
상서면,13,38.1578310622547,127.654248763255
신안면,13,35.3034561397921,127.973448058501
정선읍,13,37.3797685014938,128.661694256573
백운동,13,37.3279173329122,126.796912979754
방어동,13,35.4862304417293,129.423974129487
상주면,13,34.7238112711806,127.985420225016
정왕3동,13,37.3576931202887,126.726448135344
송지면,13,34.3696006590516,126.519203180693
왕조1동,13,34.9621782702181,127.520780605096
복현1동,13,35.8937525421896,128.618562566005
삼남읍,13,35.5410832750574,129.108584026825
화정1동,13,37.6446497353205,126.83354072354
경암동,13,35.9796393259123,126.72985008997
삼성2동,13,37.511263280788,127.046070584216
양동,13,34.7969655259374,126.380158472062
오류제1동,13,37.4970933382633,126.845050656227
별내면,13,37.7026376364433,127.124872496413
인덕원동,13,37.4022713934296,126.970987307991
삼호읍서부출장소,13,,
문곡소도동,13,37.1314636106415,128.960358258343
내이동,13,35.4971188045882,128.74617598973
효성2동,13,37.5250687419526,126.709819358424
시천면,13,35.2784085324267,127.840576531665
우제2동,13,35.1712612350752,129.139989544809
마장면,13,37.2489295288459,127.357967852826
작전서운동,13,37.5280575016558,126.736398237283
수유1동,13,37.6292195545746,127.007105243262
본오3동,13,37.3014435761886,126.86382443259
능포동,13,34.8792070052426,128.734599326589
안심2동,13,35.8754181631545,128.68704015784
발한동,13,37.5484323855262,129.107922043297
내촌면,13,37.7862179992256,127.228615198246
성당동,13,35.8429586241896,128.549551926913
남이면,13,36.5606695601299,127.433608017124
서면와수출장소,13,,
빛가람동,13,35.0218010353355,126.790327011452
구로제3동,13,37.4873483040232,126.890330632764
죽교동,13,34.7998639688924,126.375136328549
우정읍,12,37.0898217767454,126.81531242615
우도면,12,33.5064494277481,126.952985318412
주왕산면,12,36.3569505258092,129.159283721114
영종1동,12,37.4888419604794,126.55486070382
영암읍,12,34.7997423319186,126.701344647559
장충동,12,37.5619118374182,127.007859437008
삼덕동,12,35.8272301190654,128.673829855948
풍덕천1동,12,37.3279634166902,127.094954271241
영해면,12,36.5375441430931,129.407149054822
화도읍동부출장소,12,,
관고동,12,37.2823777009377,127.437880835387
광정동,12,37.362103365466,126.92793590452
한강로동,12,37.5281422426636,126.969228070947
왕조2동,12,34.9553095396575,127.532478016848
남현동,12,37.4745631666845,126.977909779402
포곡읍,12,37.2777941589241,127.230843636904
화정동,12,37.6389774935999,126.833789043216
구산면,12,35.1196814231662,128.580842336194
도화1동,12,37.5415497123869,126.949873511116
단구동,12,37.3260979360228,127.960253120692
단성면,12,36.937088737087,128.323431821514
규암면,12,36.2752838553998,126.884170503718
점촌1동,12,36.5986324727539,128.197770542117
마산면,12,36.1173526565629,126.790696380778
봉명동,12,36.6402085390693,127.459270830959
서부면,12,36.5803273092583,126.51723142167
창녕읍,12,35.5412894797239,128.50077305203
금산면,12,35.7165277114716,126.996211537581
신설동,12,37.574962961668,127.025538570996
퇴촌면,12,37.4666662497915,127.307068858523
중학동,12,37.5752847227304,126.979641505392
구래동,12,37.646477085747,126.623680156555
광명2동,12,37.4833469503959,126.855946800464
중방동,12,35.8270976562143,128.734008911283
합천읍,12,35.5660073649237,128.157901336671
소초면,12,37.4179628767007,128.002389352861
광명3동,12,37.4802342658118,126.856934134567
건국동,12,35.2229359606425,126.881647505416
독산제1동,12,37.4702207575196,126.897043384219
금남면,11,36.4641242999386,127.280514263106
부강면,11,36.5297446571298,127.370923522244
금구면,11,35.7767645592007,127.01220123032
봉양읍,11,37.1326204511739,128.121663289581
영주제1동,11,35.1111172191973,129.035030119199
전하1동,11,35.5168231800528,129.428605816755
근남면,11,38.2370898929596,127.471054178082
대양면,11,35.5165847706866,128.174519744779
호수동,11,37.310301084212,126.824403501419
정왕2동,11,37.3348850886949,126.716731729837
호계3동,11,37.3676431702804,126.958605253006
점촌5동,11,36.59042701168,128.180265709156
행구동,11,37.3425902881859,127.983876967283
전포제1동,11,35.1543730404872,129.067400901206
봉명2.송정동,11,36.6447052041682,127.457857212757
정관읍,11,35.3254560170889,129.18033192383
복수면,11,36.1664431839347,127.398337006883
와룡면,11,36.6164157645387,128.76650527026
청천면,11,36.6604674359412,127.737359432269
삼안동,11,35.2438502891609,128.907455851987
가산면,11,37.8486887449825,127.186545889806
송산면,11,37.2178053503806,126.739158124493
대곶면,11,37.6493717480775,126.582137857681
논공읍공단출장소,11,,
청통면,11,35.9921242696952,128.822997781639
구월3동,11,37.4527001578127,126.69694387271
상장동,11,37.1533951992956,128.99063403629
내수읍,11,36.7238965510138,127.535426755572
황금2동,11,35.8472129007332,128.623725777494
효자1동,11,37.8721797875576,127.727439862306
아포읍,11,36.1598783456875,128.25340248692
성주읍,11,35.9189532064078,128.289291570613
선도동,11,35.8435994359837,129.174842126862
다대제1동,11,35.0591517638253,128.971316010861
구서제1동,11,35.2450838379331,129.086895078947
공도읍,11,37.001048203596,127.172541466359
성사1동,11,37.6570944084923,126.836337061675
언양읍,11,35.5692432956836,129.125679846812
교월동,11,35.799435585334,126.876802519852
연수동,11,37.4222124972898,126.681481155615
국동,11,34.7300359620583,127.719327029178
동서동,11,34.9285745883159,128.068705114103
시전동,11,34.7574297498506,127.683911084027
장호원읍,11,37.1149316480872,127.61683662488
죽항동,11,35.4075774617866,127.384550058262
삼랑진읍,11,35.3958953055396,128.83772908189
남부면,11,34.7321745213029,128.610147395791
남부동,11,36.5637304465051,128.730947329058
신길제1동,11,37.5111452107737,126.921413655672
동충동,11,35.4110327392327,127.382963477199
화명제3동,11,35.2319085990769,129.010062798733
엄사면,11,36.2885919883966,127.239873234269
송림2동,10,37.4758054139441,126.642702896133
봉덕3동,10,35.8425204530171,128.595965563919
농성2동,10,35.1503453243822,126.890255692999
청운면,10,37.5562806888096,127.710722823772
고양동,10,37.703360024722,126.903747900242
세류2동,10,37.2533515935545,127.013048456235
신장1동,10,37.1766424017749,127.054568787777
성산면,10,37.7187235115627,128.832100896917
노원동,10,35.8901526171393,128.576216680589
청천2동,10,37.5148562832894,126.704520034938
동삼제2동,10,35.0683905233356,129.083008215921
서남동,10,35.1449516763169,126.923162098047
남포면,10,36.3046107641864,126.605067640803
남지읍,10,35.389046443731,128.477040981986
사직1동,10,36.6401906611444,127.481151475838
사창동,10,36.6335884688597,127.458900583359
대병면,10,35.5211861931546,128.014244590873
여의동,10,37.5176044401503,126.934609800644
산양읍,10,34.803523565867,128.386233403232
산인면,10,35.2792851044269,128.424298980621
풍산읍,10,36.580157750403,128.57205509491
상관면,10,35.7717563155276,127.206960976262
감곡면,10,37.1123604145511,127.643552339827
거북섬동,10,37.3210624467371,126.683677558517
팽성읍,10,36.9651318147252,127.062439708927
상무1동,10,35.1537801153723,126.86742770839
조운동,10,37.8794196205189,127.730357235877
부림동,10,37.4334610032566,126.99861248972
해룡면,10,34.9137220958035,127.537706930417
생연2동,10,37.9012142826952,127.049905540962
안양4동,10,37.3965159274602,126.917860885183
대소원면,10,36.9778109219566,127.81798438609
안양2동,10,37.405097229651,126.917828929149
서창동,10,37.4328373664365,126.750535160559
아라동,10,37.5867632122243,126.710458618582
상3동,10,37.5081879616485,126.751040142742
노량진제1동,10,37.5132063487675,126.946567052979
우이동,10,37.6630390800112,127.001890452891
장량동,10,36.0819854755965,129.385892776218
우천면,10,37.4594058323665,128.06243796948
화곡제6동,10,37.5515430607858,126.850958505315
휘경제1동,10,37.5929672536308,127.06579124432
덕산읍,10,36.9138372662406,127.509213437511
현풍읍,10,35.6974640247084,128.447655933061
두암2동,10,35.1745723068829,126.932504790101
괴산읍,10,36.8117570694528,127.790900734488
동촌동,10,36.0006701151122,129.393649390593
이호동,10,33.4989539176533,126.457872160058
이태원제1동,10,37.5325069970311,126.99509883212
군포1동,10,37.3536899891415,126.945574202218
응봉면,10,36.6586392492334,126.761198301312
배방읍,10,36.7738248327742,127.05384284728
이동,10,37.3054407225325,126.860857418137
장안제2동,10,37.5771572733865,127.070903307779
둔포면,10,36.9297186062333,127.037627872091
화순읍,10,35.0599399781348,126.984565050764
화양읍,10,35.649841018232,128.706157411796
문내면,10,34.5971082183862,126.314052563406
원곡동,10,37.3332949495272,126.790859358221
무안읍,10,34.9905663839512,126.476340860131
문의면,10,36.5178087209196,127.496187881654
향교동,10,35.4180734503834,127.384212354963
장유1동,9,35.2012148013134,128.812839697614
강서제1동,9,36.6267463431424,127.426102691328
남평읍,9,35.0463802449383,126.843159552018
단대동,9,37.4493897577627,127.155361716912
도통동,9,35.4198209192706,127.400089373545
양성면,9,37.0598978252949,127.194477629958
용평면,9,37.6066960645327,128.440214137176
충무공동,9,35.1748715455863,128.150373801935
칠성동,9,35.8792060739478,128.599890261437
추자면,9,33.9637161687112,126.296120635115
도두동,9,33.5029008833257,126.468230562282
구로제5동,9,37.500123666657,126.889352949931
군자동,9,37.5554765598173,127.075350846159
효문동,9,35.5658993847488,129.37589679504
용상동,9,36.5592156622126,128.749628081078
비산5동,9,35.8863064909338,128.569615789237
비전2동,9,36.9902647391876,127.111773318893
탄현1동,9,37.6943496272332,126.76845159422
웅동1동,9,35.1258740996464,128.782704965167
산외면,9,36.5519942964773,127.732659692163
대가야읍,9,35.7306221891528,128.267658427531
산본1동,9,37.3733721956406,126.938573780864
상하면,9,35.4445138733444,126.495211758424
삼락동,9,36.1404970485157,128.077405408935
연산제9동,9,35.1886408393343,129.104928050999
연서면,9,36.5925410679428,127.271533146429
문수동,9,34.7535298290393,127.702052125678
원동면,9,38.3092697825284,127.740762209026
전하2동,9,35.5088156123116,129.426592565165
하양읍,9,35.9123764824826,128.812326497497
대림제2동,9,37.4927542307882,126.898256326744
무실동,9,37.3381922463301,127.929199369693
삼성동,9,37.5143225723289,127.062831022499
양평제2동,9,37.5377447245086,126.89594587648
검산동,9,37.7898349883466,126.746124667118
석관동,9,37.6129860183721,127.0614007785
양덕2동,9,35.2291817832141,128.583908563517
적성면,9,37.9543767524195,126.917635009286
중림동,9,37.559168225382,126.966182119336
신사동,9,37.5239850298541,127.02277448907
청파동,9,37.54543080354,126.969863704612
해미면,9,36.7137924124243,126.544943198956
법성면,9,35.3620554974621,126.44601907277
임자면,9,35.0841790513092,126.111187461859
고산면,9,35.9764586138936,127.205218867286
일죽면,9,37.090466524742,127.476874615174
괴정제3동,9,35.1002980914682,128.998070870866
가곡동,9,34.9828246832581,127.481134040566
신길제3동,9,37.5064589642713,126.909886960453
내외동,9,35.2352136162793,128.864658218805
철산3동,9,37.4770589678744,126.872550816793
봉담읍,9,37.2200677257085,126.949541707928
고덕동,9,37.5641661222504,127.155939319817
임피면,9,35.9826008554511,126.850478226788
범일제1동,9,35.1394449144005,129.056039523941
구례읍,9,35.209483109133,127.463766818551
와촌면,9,35.9463299059503,128.836515129986
내서읍,9,35.2467853123731,128.507669257485
본리동,9,35.8409762939101,128.543094223454
순창읍,9,35.3769359400889,127.147031505647
교방동,9,35.2143429100237,128.566251648628
용봉동,9,35.0759421018383,126.774759454703
월호동,8,34.7261573437181,127.711790735444
정남면,8,37.1599855546735,126.971336844978
봉명1동,8,36.6404128015189,127.45958066509
장안제1동,8,37.5677895234585,127.066439189872
서농동,8,37.23797876185,127.068384542239
서부1동,8,35.8205495376324,128.727913848052
삼성1동,8,37.5143912094483,127.062527941715
법원읍,8,37.849177767921,126.882366115155
노암동,8,37.745196767624,128.900417496589
신길제5동,8,37.5016259275314,126.90522432992
하망동,8,36.8238587015049,128.630298247885
우정동,8,35.5552709011961,129.312516733505
수정제2동,8,35.1299609498808,129.042620293477
소사본동,8,37.4762277086984,126.792162031052
남중동,8,35.9511472909661,126.959068609871
양정제1동,8,35.1721429381472,129.068724421255
양주2동,8,37.7968923459748,127.080386802168
산성동,8,37.4522438484413,127.15002866944
금마면,8,36.6119467125857,126.732673262743
병점1동,8,37.2068704264907,127.037273875101
상교동,8,35.5501272798275,126.837799616091
삼문동,8,35.1973229953834,128.792411476055
삼례읍,8,35.9131108948601,127.07794599181
원덕읍임원출장소,8,,
동부동,8,37.2327497836136,127.219202942248
평산동,8,34.9842342224089,126.751638928445
고덕면,8,37.0346647290345,127.007035980899
공단동,8,36.1014178884349,128.384476243037
태평2동,8,37.4471580113049,127.138649713025
팔봉면,8,36.8121141137158,126.350147784167
산청읍,8,35.4140538130171,127.877614604635
가창면,8,35.8027049070588,128.622823693028
여서동,8,34.7507069783154,127.708842947025
모현동,8,35.9481822061805,126.945468232545
운정3동,8,37.7171144963163,126.743628293521
판부면,8,37.2682792088618,128.01295599715
천호제3동,8,37.5400005522563,127.129810186039
괴정제1동,8,35.0996737600974,128.989349127478
맹동면,8,36.9301828063177,127.562757789368
신정4동,8,37.523365702176,126.858698011461
덕적면,8,37.2276332114675,126.144705565589
종암동,8,37.5990602270306,127.035212918853
불현동,8,37.8985126852263,127.062419438702
감천제1동,8,35.0884248224782,129.002833278687
부북면,8,35.5112083734156,128.729745804963
음암면,8,36.8000451041245,126.517984912069
진안읍,8,35.789272706032,127.423192937564
진보면,8,36.5294442387894,129.046720994348
서천읍,8,36.0778195013763,126.689881199652
백암면,8,37.1634709899499,127.375348473818
축동면,8,35.1098420933812,128.085351646579
북항동,8,34.8069777017931,126.369530967512
신천동,8,37.5182926381796,127.101366591012
만덕제2동,8,35.2102018642981,129.037197465263
내손1동,8,37.3782799932641,126.975576043804
북도면,8,37.5329794642505,126.429069369524
심곡본동,8,37.4807108086724,126.780043113587
칠성면,8,36.788167730009,127.864294241153
장기동,8,37.6397252396071,126.671359353779
서초2동,8,37.4921394474611,127.025076125816
오류동,8,37.4889461307049,126.835492478188
부계면,8,36.1009043121551,128.664200821459
오산면,8,35.9386663084706,126.916283828775
답십리제1동,8,37.5697653601113,127.050104641859
혜화동,8,37.5868624440017,127.00060686405
군내면,8,37.9222290691526,126.741785092706
오류왕길동,8,37.5802706140273,126.614073778379
능곡동,7,37.3663067850594,126.815779338256
진전면,7,35.1028626531494,128.418976797725
흥업면,7,37.3025500299786,127.921181194086
원덕읍,7,37.1764583972782,129.335713745385
고전면,7,35.0221535536567,127.817381325201
내당4동,7,35.8589853964824,128.551732460734
양서면,7,37.5433629379347,127.323347010494
성수2가제1동,7,37.5395549767234,127.054035594083
추부면,7,36.194893351027,127.476010924681
소요동,7,37.9294825140261,127.057245224686
삽교읍,7,36.6880856941025,126.739391843667
신서면,7,38.1829667805065,127.107037931125
응암제3동,7,37.5922419251438,126.915734945869
노화읍,7,34.1778663272866,126.575785778216
마천면,7,35.3969420945819,127.663048774779
상동면,7,35.3077287293872,128.930418508836
춘양면,7,34.9506507442568,126.960018806374
원산출장소,7,,
송북동,7,37.0816496533272,127.060204860494
두류1.2동,7,35.8537184722863,128.555402199963
유달동,7,34.7862298162969,126.379080670047
고경면,7,36.0017402412351,129.045784057923
서부2동,7,35.8275284931769,128.725865379761
진교면,7,35.0304746528234,127.90091123619
월평1동,7,36.3546787938361,127.357599954556
송도동,7,37.3910698289606,126.652089783488
명정동,7,34.8524095365059,128.412672556184
선구동,7,34.929769879047,128.072170264119
생일면,7,34.3331155397045,126.997531041324
선남면,7,35.9008625417682,128.351773337995
지곡면,7,36.8634631740376,126.438081758808
심곡본1동,7,37.482463884683,126.778925435039
파평면,7,37.9219358887444,126.837949199917
독산제4동,7,37.467547294848,126.902151967452
독산제3동,7,37.4751490651627,126.903182137349
성거읍,7,36.8780437642403,127.199166201755
앙성면,7,37.1091674050489,127.750768224757
다산동,7,37.5543182024142,127.008302272338
도산면,7,36.7451352105842,128.833804437754
약목면,7,36.0327438267076,128.363702456356
중화제2동,7,37.6020061617272,127.077399901172
곤명면,7,35.1119381541406,127.941593019082
보수동,7,35.106208354028,129.02465687435
소안면,7,34.1748145461956,126.650975768174
연무동,7,37.2905417315214,127.021472428994
합정동,7,37.5516618139957,126.911756414276
갈현제1동,7,37.623622297301,126.916741681502
개금제1동,7,35.1526930860667,129.021932759376
남가좌제1동,7,37.5732734342747,126.919786253544
부성1동,7,36.8427719304676,127.152210937845
부석면,7,36.7148738592677,126.393763892659
기흥동,7,37.2314546545581,127.115495447211
하안1동,7,37.4651835619706,126.869166301063
운문면,7,35.7156083938855,128.913121329475
장항2동,7,37.6498818926668,126.778316793256
정촌면,7,35.1312367483283,128.10279442624
용면,7,35.3649505556585,126.987491335017
벌곡면,7,36.2059791011843,127.264863061094
점촌3동,7,36.6029883202515,128.206523818653
오송읍,7,36.609187664101,127.324563863517
함평읍,7,35.0654402173137,126.517873005146
옥포읍,7,35.7896007557194,128.463726101613
대산면,7,35.3410173161818,126.603361896893
관양동,7,37.4060457499298,126.961457538379
영등포본동,7,37.5146504855167,126.909352273906
주교면,7,36.3908555495988,126.569245169463
김포본동,7,37.6339819073162,126.710379733033
북하면,7,35.4073435618675,126.879515799382
국토정중앙면,7,38.1084781281203,128.034570007438
용호제1동,7,35.1207954771379,129.109033034713
금호1동,7,35.1351823628623,126.857143818493
군서면,7,36.2796562544093,127.527394715358
덕포제1동,7,35.170361575798,128.983233927656
한림면,7,35.3205843446362,128.802156692165
군위읍,7,36.2398089970227,128.568752594251
대신면,7,37.3750403179812,127.586562498134
금호읍,7,35.9333520770189,128.87763995558
봉현면,7,36.861397294518,128.525029925997
대천4동,7,36.3381290035453,126.607741067257
홍제제3동,7,37.5937821789847,126.949743382569
중곡제1동,7,37.5606740001387,127.080082528537
현덕면,7,36.967338999631,126.921562935075
웅천동,7,34.7466177088267,127.685634754807
외도동,7,33.4928558847385,126.432175190878
봉래제1동,7,35.0934963561192,129.044306549368
대명10동,7,35.839981556282,128.568968072927
금곡동,7,37.6331014031361,127.201934340405
문현제2동,7,35.1452780727689,129.068693598602
엄궁동,7,35.1286945870556,128.972201277421
운주면,7,36.0924380099576,127.277455344342
와부읍,7,37.5854310580652,127.216655241381
대치4동,7,37.4997288869796,127.057747872925
마서면,6,36.0619932064227,126.706717010451
숭의1.3동,6,37.4613538747455,126.638869847842
복흥면,6,35.4321695323786,126.92973561896
초평면,6,36.845946241843,127.526419171153
수색동,6,37.5835205431622,126.893690338772
의신면,6,34.4392796829124,126.283474361017
방산면,6,38.2090611880058,127.949389080443
금호2.3가동,6,37.5532931077203,127.020918361398
숭의2동,6,37.4613957443378,126.647242974065
보길면,6,34.1691401051086,126.567595365797
금광면,6,36.9972240459891,127.317465473336
교문1동,6,37.5979375781849,127.130313898258
갈산1동,6,37.517595637809,126.727118821365
괴정동,6,36.3371382917064,127.382064497169
일동,6,37.3102980036068,126.866154804189
청담동,6,37.5250293348772,127.049233039691
주덕읍,6,36.9756382529376,127.795607766653
성남면,6,36.742472889831,127.236938249311
불광제2동,6,37.6265016239314,126.92730531944
수한면,6,36.4794114244408,127.698723106663
진미동,6,36.1060639074032,128.418693950512
홍제동,6,37.585845800944,126.948725215733
가양제1동,6,37.5694972894276,126.844728733334
삼향읍,6,34.8231113964846,126.441602770842
선산읍,6,36.2429664072012,128.299051729522
내면,6,37.7738112032602,128.389725568917
임계면,6,37.4948152077541,128.852109625413
성환읍,6,36.9181758309368,127.134382284168
별량면,6,34.8743633055346,127.451941247841
금서면,6,35.4171754090988,127.863172409497
봉화읍,6,36.8876665285556,128.739634594351
인월면,6,35.4646689824063,127.599707059916
녹산동,6,35.1191396429152,128.882378803697
농성1동,6,35.1567192165294,126.889676419185
조리읍,6,37.7447154207441,126.805164975937
옥도면,6,35.8154621949057,126.473435206492
흑산면홍도출장소,6,,
신당제5동,6,37.5651320352656,127.021876978157
청풍면,6,37.0005174868218,128.168191739045
광명4동,6,37.4782599985371,126.854590840098
고산2동,6,35.8434288781047,128.695172075418
온양5동,6,36.7751453722875,126.996039119966
신북읍,6,37.9259016421481,127.746212145455
흥덕면,6,35.5177966577864,126.703612104603
소천면,6,36.9377096424638,129.003090907112
해제면,6,35.1099689679601,126.293833931142
온양읍,6,35.4194264388768,129.280459268565
부안면,6,35.5141693941976,126.674095230614
대천3동,6,36.3546637632476,126.605550255094
백수읍,6,35.281637097932,126.420098752733
금천면,6,35.0308501080114,126.753479275255
간성읍,6,38.3783819019248,128.466855795807
백석2동,6,37.6439270261606,126.785477380121
이동읍,6,37.1411278770056,127.196189086676
봉양면,6,36.3007525533014,128.576348899729
동인동,6,35.8678902715489,128.609144033992
합덕읍,6,36.8099034133192,126.764042032374
마량면,6,34.4504615388264,126.818939858632
평해읍,6,36.7280700465526,129.441352120015
영양읍,6,36.6670408997249,129.114174676204
안성1동,6,37.0056793483326,127.274253806772
풍암동,6,35.124750009182,126.878669562694
반곡관설동,6,37.3297311773711,127.974308288136
유구읍,6,36.5528327523133,126.95049715106
사이동,6,37.2898166516753,126.851864259959
상모사곡동,6,36.0953147081702,128.353621797083
당산제2동,6,37.5310028334211,126.897312879485
화정2동,6,37.6305686063771,126.835720057724
대사동,6,36.3176799385072,127.424819646891
안락제1동,6,35.1971314822681,129.098595356479
안계면,6,36.3838537569972,128.440213256607
상리면,6,36.7713661258678,128.41882934561
면목제2동,6,37.58978763944,127.079031277935
구월1동,6,37.4475817075731,126.712528296085
당감제2동,6,35.1578805724956,129.047869879146
덕풍1동,6,37.535187478354,127.198474883183
장성동,6,36.596631310302,127.48082275999
월성동,6,35.7649602112683,126.909026254318
황지동,6,37.1708021030532,128.991626609858
회천2동,6,37.8216832518813,127.046758060094
도계읍,6,37.2364370242581,129.045174522503
월곶면,6,37.7150895643421,126.552911756013
화도읍남부출장소,6,,
서강동,6,37.5477468723032,126.932030551178
파장동,6,37.3103196025955,126.997419023951
생비량면,6,35.3448936670064,128.04514643435
대명5동,6,35.843212204607,128.587829158798
압량읍,6,35.8433176683305,128.759808279838
남부민제1동,6,35.0927491572148,129.023315285236
운암면,6,35.6606460494288,127.160440115153
안좌면,6,34.7560851256955,126.124660918542
곤양면,6,35.057500705341,127.95963280613
문화1동,6,36.3153105004116,127.406486916692
면목본동,6,37.5872805191923,127.087488538133
간석1동,6,37.45861750297,126.705302067721
공항동,6,37.5588726032731,126.810109136838
양정제2동,6,35.1728846646346,129.075723334253
평창읍,6,37.3677151528904,128.400549022928
양촌읍,6,37.6571252239981,126.625498579495
무주읍,6,36.008814544717,127.66230467208
주안2동,6,37.4565462475362,126.672831699246
김삿갓면,6,37.1256797470207,128.570085899718
칠원읍,6,35.3088454638344,128.518539254609
문백면,6,36.7844778555672,127.437173432684
도초면,6,34.7036148703534,125.953383772704
대림제1동,6,37.4954671376444,126.905833713564
사곡면,6,36.5021558319947,127.025302321401
문현제3동,6,35.1381508569584,129.071694608398
지좌동,6,36.1200085399894,128.142333252537
서화면,6,38.2183546450302,128.208496724551
모라제1동,6,35.1868937481476,128.989980445485
화북면,6,36.5632969766651,127.917219520465
태장1동,6,37.3636764983277,127.963377725404
염치읍,6,36.8168213959699,126.976410130662
구이면,6,35.7319293374143,127.120873859388
곡성읍,6,35.2820979312161,127.2963839101
태전2동,6,35.9214800100635,128.548791440697
대명3동,6,35.8523495688795,128.579098600695
광탄면,6,37.7761506126284,126.851257899494
중곡제2동,5,37.5602945934343,127.081526307691
수택2동,5,37.5931943449432,127.140115910123
중1동,5,37.5004861419023,126.766916423704
양주동,5,37.7732127270764,127.043762782212
금동,5,36.2425658277091,127.425445207229
인수동,5,37.6414330477646,127.010632416597
원인동,5,37.3456138535124,127.946801193004
양산면,5,36.1222928730589,127.669050412972
용남면,5,34.8677216217377,128.442399210645
신길제7동,5,37.5063735330337,126.921477469472
야음장생포동,5,35.5199569895583,129.340132400342
여량면,5,37.4706040304876,128.720500019347
정라동,5,37.43607006748,129.184564521052
인주면,5,36.8677641195737,126.885628530746
인후1동,5,35.8374514037656,127.156691227065
시기동,5,35.5655544416477,126.849319927102
온천2동,5,36.778385802775,127.003441271391
신길제6동,5,37.4993913878169,126.909768794977
관음동,5,35.944243940444,128.547307377997
원효로제1동,5,37.5373284451334,126.967712666408
증포동,5,37.2903779816379,127.452488600869
율곡동,5,36.1214163346637,128.183708300022
영춘면,5,37.0786916078844,128.487383207032
이곡2동,5,35.8558154691673,128.5007816045
자은면,5,34.8844221294234,126.047384789411
아산면,5,35.4397782732043,126.634764322976
용현3동,5,37.4558909641094,126.652847627168
낭성면,5,36.6227046304175,127.603961873006
주암면,5,35.0767887602298,127.235071489827
광의면,5,35.2602020359787,127.439949882706
율촌면,5,34.8819390865648,127.578584668422
고촌읍,5,37.6034632885763,126.770844490829
남천제1동,5,35.1426889876102,129.110330734358
적상면,5,35.9455181920728,127.659390970009
진동면,5,37.9358392999861,126.802627655887
은현면,5,37.8750011475252,127.024564300477
은진면,5,36.1674113372819,127.106890138081
영산동,5,34.9997272010708,126.713975249783
내당1동,5,35.8606499369368,128.560696349353
전포제2동,5,35.1617036870016,129.066203792302
관산동,5,37.6879882033152,126.862553908166
이월면,5,36.9258307018372,127.428389829549
역곡1동,5,37.4892392188388,126.816694536638
역곡3동,5,37.4825903779825,126.810220952151
안의면,5,35.6286789396386,127.811264991283
역북동,5,37.2462035848033,127.188111660691
신대방제1동,5,37.4889471309296,126.910048211189
창제4동,5,37.6599706183534,127.045418866735
장수읍,5,35.6542060803546,127.519651585548
신사우동,5,37.9058824587545,127.727903439436
연풍면,5,36.7664527053411,128.000716050902
지보면,5,36.5482978518931,128.390354822108
장림제2동,5,35.0778862434621,128.972613000975
죽곡면,5,35.1512075190754,127.319244671454
오성면,5,37.0071875964442,126.980306346674
지저동,5,35.8933913953703,128.638281363236
낙동면,5,36.3749532105945,128.248162010289
오남읍,5,37.6988320956872,127.204693271504
신림면,5,37.2306925112002,128.079484645368
연천읍,5,38.1039237861873,127.075938017759
봉산면,5,36.7490451100196,126.681714520378
농암면,5,36.6009472941932,128.002892397025
서석면,5,37.7135954442631,128.186169902059
호평동,5,37.6548880029093,127.248669169781
방화제2동,5,37.5667130007593,126.80673880486
대명4동,5,35.8459830414578,128.569533451774
효목2동,5,35.8781433836394,128.641244714245
불은면,5,37.6865846022371,126.480343900914
서부동,5,37.1362269067787,128.202650495056
계룡면,5,36.3603026160488,127.141715269337
축산면,5,36.5089457184101,129.41425789895
통복동,5,37.0008027064571,127.087288337454
학장동,5,35.1441032632998,128.987292238397
퇴계원읍,5,37.6474171947574,127.14191739863
덕암동,5,36.4403037751316,127.426856681678
계산4동,5,37.5345888686344,126.741711004382
북도면장봉출장소,5,,
계성면,5,35.4688466315922,128.512918359668
효돈동,5,33.2633027229054,126.615561813034
도암면,5,37.6736318231798,128.706141784901
소하2동,5,37.4321172678102,126.880210763843
발산제1동,5,37.5530979481591,126.833264722295
개군면,5,37.4259639502399,127.536793361892
사북면,5,38.0298510072252,127.640812477483
칠서면,5,35.3335797053279,128.497956344549
반월동,5,37.2330741028273,127.060595508341
선부1동,5,37.334309260872,126.804410955696
산격2동,5,35.9017174521904,128.609261575564
산격4동,5,35.892230684888,128.604382790906
선원면,5,37.7133449417264,126.48482509821
산북면,5,37.4016901782593,127.4429923866
하이면,5,34.928688697234,128.12281004311
산내동,5,36.281829436811,127.467727322458
사당제2동,5,37.4887524986309,126.979253427857
다산1동,5,37.6139988492786,127.155422645479
성내3동,5,37.5260568372238,127.13289932744
서원동,5,37.4797639519187,126.931377642121
도화동,5,37.5415497123869,126.949873511116
미사1동,5,37.5603159330876,127.188807992731
북삼동,5,37.4894107203123,129.107627342841
삼양동,5,37.6250519492708,127.019773947842
동문1동,5,36.7876558430355,126.463878992277
농소1동,5,35.6227739139468,129.356050827288
대화면,5,37.5009465792778,128.458050807458
송학동,5,37.4746353359851,126.622241752895
송학면,5,37.1849127480045,128.260957359603
삼향읍남악출장소,5,,
화수1.화평동,5,37.4815252820309,126.629917838578
청룡노포동,5,35.2752496703505,129.089866655555
대합면,5,35.6137030890693,128.472088769913
녹번동,5,37.602216160965,126.929919982801
수륜면,5,35.8329286303309,128.192387163309
상갈동,5,37.2665738857821,127.107697878295
흥천면,5,37.3332240832615,127.541603133411
본오2동,5,37.2935675595436,126.869369351382
상남면,5,37.8740813784961,128.259953575109
봉래면,5,34.4636810934931,127.459058904486
화원면,5,34.6708839318749,126.32770284885
현내면,5,38.4943416559629,128.427309190762
병천면,5,36.766564099467,127.302587862465
병암동,5,35.1549881775167,128.689561833681
대연제5동,5,35.1384643196836,129.090167890117
감삼동,5,35.8510162146676,128.542168596711
팔덕면,5,35.3915914456617,127.097121502572
화현면,5,37.9011714575414,127.288076354336
두촌면,5,37.8686986720293,128.018956858672
가야곡면,5,36.1368243673114,127.15879527167
후평1동,5,37.885977100999,127.745508947733
중동,4,37.5716627632571,126.9055839139
상계5동,4,37.6629682202393,127.069407204901
삼성면,4,37.0183861898225,127.495041369601
광장동,4,37.5468565308903,127.103025712709
어진동,4,36.5017561517529,127.256718541701
반송제2동,4,35.2288451063557,129.160421630137
미성동,4,37.4762073455952,126.915575982307
대덕면,4,37.0124186565805,127.237850006863
중곡제3동,4,37.5640391581821,127.086555860905
미산면,4,38.0474064992174,126.992818073354
하남면,4,38.0576735877991,127.668191116312
구의제2동,4,37.5472276222656,127.089940298223
강천면,4,37.2728895738265,127.711509091654
화도읍,4,37.657910347873,127.300352454876
공릉1동,4,37.6248214682345,127.073848484316
하남동,4,35.1795310989451,126.799891085568
삼계면,4,35.5076784647939,127.274358039095
개운동,4,37.3412463628516,127.960148062439
역곡2동,4,37.4860661140931,126.8066708565
산솔면,4,37.1452872087537,128.680530612342
삼일동,4,34.825166243366,127.731250141775
각남면,4,35.641835526338,128.658918350204
화서면,4,36.4454508619972,127.951396803964
구정면,4,37.7183755047744,128.880053838573
삼죽면,4,37.0730098580051,127.374843682254
풍천면,4,36.5561890573723,128.506522707702
미원면,4,36.636141670953,127.658483553921
덕풍3동,4,37.5525407742751,127.204763282895
살미면,4,36.9053897150321,127.964612737336
미로면,4,37.4175439757334,129.112486953361
관문동,4,37.4416775624029,126.987027394545
하일면,4,34.9434524826931,128.192422189648
간석3동,4,37.4661258850932,126.714591466946
호명읍,4,36.5943293376644,128.468377412546
벌용동,4,34.9440115311589,128.079440014097
범계동,4,37.3897592255022,126.952495210445
범어3동,4,35.863240024723,128.624167828783
관촌면,4,35.6737946086992,127.27080317392
오곡면,4,35.27232651674,127.313898434851
한산면,4,36.0862583542913,126.802055066527
외산면,4,36.3043276284426,126.704217896909
병영1동,4,35.5700563394445,129.34658720492
오수면,4,35.5413642752929,127.326918994503
왕징면,4,38.0585161826357,127.012811832144
부창동,4,36.1990668442518,127.087181458541
오천면어항출장소,4,,
오치2동,4,35.1900715693924,126.900470579779
부암제1동,4,35.1632864266109,129.048576068896
와동,4,37.3416625818339,126.825752438728
행운동,4,37.4806158268209,126.957086795114
조성면,4,34.8084923750226,127.247618461358
조도면,4,34.2966127815969,126.047449629782
본동,4,37.5130293559068,126.954204316851
정자2동,4,37.3660048459577,127.115258839136
온양6동,4,36.7548470875241,127.019306441462
금사회동동,4,35.2327755088754,129.121637494094
금일읍,4,34.3488662894207,127.029520006322
영중면,4,38.0055608827229,127.245148658335
관인면,4,38.1577991234708,127.251198061906
사직동,4,37.5754222287938,126.96631967084
백사면,4,37.3390684492294,127.49071965936
군남면,4,38.0851969328493,127.019081108902
하성면,4,37.7201465113611,126.631238316931
덕포제2동,4,35.1744356274973,128.982968516217
용흥동,4,36.0383165852474,129.357670460661
사동,4,37.2971248482641,126.851055922583
연평면,4,37.6651915483658,125.702047674071
나운1동,4,35.9667974454199,126.694808077009
염창동,4,37.553736243135,126.870985348962
사당제1동,4,37.4830075809766,126.978753012269
전동면,4,36.6559328684455,127.264118976061
원남면,4,36.8754878232556,127.648849888454
관산읍,4,34.5615568543696,126.938914115797
비인면,4,36.1420772120912,126.601355108792
주안5동,4,37.4700323868111,126.679352090761
전의면,4,36.6813970295598,127.196004270138
호저면,4,37.4110343612581,127.925706853576
영산면,4,35.4536468385519,128.527939024735
비봉면,4,37.2351736371896,126.873400895969
비금면,4,34.7554778216087,125.926658497101
학산면,4,36.0994540837559,127.684794140327
영오면,4,35.1078274712066,128.237656734178
호원1동,4,37.7119917253999,127.048771274281
기성면,4,36.7981815754368,129.451454027671
문래동,4,37.5171112504905,126.899485634762
도마1동,4,36.3143490041597,127.37989101987
후평3동,4,37.880488222062,127.750113940611
단밀면,4,36.3759783665805,128.381615959748
만덕제1동,4,35.2134493077261,129.036360648005
초평동,4,37.3074644167278,126.940116403486
면목제3.8동,4,,
둔덕동,4,34.7693326597112,127.694583187836
면목제5동,4,37.5857905325321,127.07948445767
창신제2동,4,37.5744822903224,127.010871935331
검단동,4,37.6133883786264,126.649063284691
태장2동,4,37.3825633095121,127.952897488551
초전면,4,35.9745393354024,128.263356813826
태평1동,4,37.4407604802667,127.126072271592
청북읍,4,37.0398153105498,126.934275457083
위천면,4,35.7496253612486,127.833111779253
두류3동,4,35.8536995367807,128.555472673151
회기동,4,37.5907885967281,127.05537245757
월피동,4,37.3359971587617,126.846767895666
석수2동,4,37.4139174126171,126.90933825518
석촌동,4,37.5035646306702,127.103667384036
초월읍,4,37.3852482375455,127.287960741314
진량읍,4,35.8739232681792,128.816219686495
진안동,4,37.2133226522339,127.03496075268
가양1동,4,37.5694972894276,126.844728733334
성내동,4,37.5292748071425,127.130026914568
마도면,4,37.2054737239427,126.769633656944
회천면,4,34.6687596084652,127.085342210474
청학동,4,37.1514419074158,127.053965318309
은산면,4,36.3104262905263,126.854215108774
입암면,4,35.5037572915116,126.793190936821
진월면,4,34.9784366975953,127.758117411823
선부3동,4,37.345012175422,126.812504360019
남촌동,4,37.1546593716456,127.063495801811
심곡1동,4,37.4909328646341,126.780601136217
고삼면,4,37.0826914685267,127.2634642949
율량.사천동,4,36.6660282020756,127.48900350385
송내동,4,37.8840128266303,127.051294397873
도화면,4,34.5101306755771,127.317298319136
두동면,4,35.6542688430426,129.201164555036
세마동,4,37.1882931788928,127.040778584353
모가면,4,37.1716633744715,127.480176814687
압구정동,4,37.5306686414268,127.030809170421
마암면,4,35.0551359849192,128.336660713505
자양제4동,4,37.5340742469272,127.066305179223
숭의4동,4,37.4619691004674,126.657146385038
압해읍,4,34.8655618850637,126.312522085234
동서학동,4,35.80952164965,127.152272552193
신성동,4,36.6547752430834,127.417918273456
청도읍,4,35.6507107731237,128.743825152022
마리면,4,35.7012001992962,127.854635026585
상무2동,4,35.1465753432438,126.86642540343
야탑1동,4,37.4120531369385,127.130271335047
거제면,4,34.8510437105882,128.590427875294
수영동,4,35.1705527261134,129.116107846731
도봉제1동,4,37.6786793222898,127.043421525468
신암3동,4,35.8796114790259,128.623133473086
증도면,4,35.0028344262002,126.139637801405
작전2동,4,37.5329267937158,126.723908657802
황간면,4,36.2285137453266,127.910491165382
신월5동,4,37.5385687248393,126.827187102812
건천읍,4,35.8500883617738,129.102092857071
월산동,4,35.147532826876,126.902616248388
안성3동,4,37.0146009184784,127.25777256005
안심1동,4,35.8704112725447,128.701618989961
서상면,4,35.6792960507817,127.688122777256
월롱면,4,37.796138372362,126.790219928738
장안읍,4,35.3124310915546,129.244826464264
송현1.2동,4,37.5767591093553,126.981846349157
가락본동,4,37.4955860734658,127.121767713047
황산면,4,35.7945496933625,126.942630824358
명지2동,4,35.0871665181263,128.90420739236
괴정제4동,4,35.0991695765823,128.983161206838
파주읍,4,37.8307483887253,126.820028579509
가양2동,4,37.5673721398149,126.851257490922
마두2동,3,37.653590939527,126.784479546159
입장면,3,36.9128088075248,127.221165722116
마동,3,35.9379819719839,126.959141892267
범어1동,3,35.8555581306042,128.622076163639
용당동,3,34.8059480149948,126.391788949861
번암면,3,35.5320044388064,127.543842923474
봉선1동,3,35.1293501662009,126.906719338494
이문제2동,3,37.603393892696,127.065120950076
보광동,3,37.5262721673188,127.000171956489
대치면,3,36.4443949398106,126.832134582825
동상동,3,35.2368400511319,128.883465067321
정산면,3,36.4148951516838,126.945121505202
교동면,3,37.7845285796273,126.283014815298
동일면,3,34.5024169975383,127.466984700484
흑석동,3,37.5057750153538,126.966590753167
온천제2동,3,35.2079798501289,129.072953640191
동탄6동,3,37.191509631407,127.090228463882
동호동,3,37.545819948202,129.100240981937
왕십리제2동,3,37.561796307227,127.030994021909
덕산동,3,36.0420627507113,129.364172291665
광안제4동,3,35.1540768741698,129.111932792463
임동,3,35.1658270142914,126.89424351873
임실읍,3,35.6135009868765,127.279279533374
임회면,3,34.4060929023707,126.189976116236
이창동,3,34.9975738347622,126.71056510985
둔촌제2동,3,37.5333480007965,127.141963454031
욕지면,3,34.6363593419351,128.263413838072
벽진면,3,35.948490270543,128.216411384944
현서면,3,36.2759052781412,128.895956501507
마북동,3,37.30151412293,127.117425207334
홍북읍,3,36.6496293443052,126.692636453184
호계면,3,36.631202625214,128.205850044326
반구1동,3,35.556449559074,129.341629795235
우제3동,3,35.1587483754285,129.146583377664
월평2동,3,36.363572208087,127.373881569945
도천동,3,35.2136262951284,126.819813944289
화남면,3,36.448269451455,127.905539317052
황연동,3,37.1787625026096,128.986692516927
장안면,3,37.0797644844941,126.831328957097
명장제1동,3,35.2047109535829,129.104258083712
미수동,3,34.8304013187656,128.405982970409
운수면,3,35.7690374447571,128.290472097473
월곡제1동,3,37.6105530868655,127.035775560243
환여동,3,36.0682372291881,129.391820651275
운천.신봉동,3,36.6459043992376,127.47831976346
구지면,3,35.6587967490838,128.41359613327
모현읍,3,37.3296454910844,127.242348722596
원성2동,3,36.8014285365132,127.160833435762
도봉제2동,3,37.6697151863201,127.046549203471
목행.용탄동,3,37.0115867558611,127.917010287047
구의제3동,3,37.5379818127004,127.091961310776
웅촌면,3,35.4612881859371,129.208324659126
구의제1동,3,37.5424122510282,127.085675411153
무릉도원면,3,37.2883503881401,128.268649175287
미평동,3,36.6042490821187,127.459455451147
유가읍,3,35.6820085155635,128.485391163306
마성면,3,36.6926030163644,128.116688126728
간동면,3,38.0552638648249,127.790017389636
백석1동,3,37.6496698172975,126.792490986498
용산면,3,36.2596956449867,127.8294823253
마장동,3,37.566379547987,127.045325760782
잠실6동,3,37.5181274574865,127.100660517951
홍농읍,3,35.3957218273388,126.44533979711
군외면,3,34.3894151368672,126.647416873861
잠원동,3,37.514918688022,127.014102820234
방학제1동,3,37.6642357913393,127.040679390304
만촌1동,3,35.8663118866995,128.640026427278
원대동,3,35.8853905587667,128.573500055157
방배본동,3,37.4942175065077,126.988886408987
장계면,3,35.7319368232819,127.58891316457
망포1동,3,37.2382550383402,127.05713308294
방림1동,3,35.1343448543452,126.91827842661
율천동,3,37.2976295878554,126.971401996357
회진면,3,34.4816198300463,126.93958206404
우강면,3,36.8153205673076,126.776954273844
회원2동,3,35.2165956356538,128.559859501256
매포읍,3,37.0323174958159,128.303392511581
매화면,3,36.9131895885453,129.38227612208
회원1동,3,35.218234271397,128.574185258784
노량진제2동,3,37.5085057900647,126.937359341221
한반도면,3,37.2367970270269,128.328378893623
공덕동,3,37.5501743473819,126.960034513244
대명9동,3,35.8372738461703,128.57919812686
양정동,3,37.6163313743213,127.187169007829
진천동,3,35.8122174631828,128.52283559965
개포면,3,36.6083901201946,128.366522747512
삼전동,3,37.5027233386057,127.092519707191
포남2동,3,37.7727721855659,128.91339819008
공성면,3,36.2834276994274,128.092442673423
남부민제2동,3,35.08446847513,129.020545298649
삼선동,3,37.5908295073389,127.014651562653
어모면,3,36.1804286631901,128.118733231373
내북면,3,36.5779197180733,127.664057872382
개봉제2동,3,37.4908800972288,126.856542943987
여좌동,3,35.1585498205314,128.660365797702
풍호동,3,35.1375798102012,128.707321817312
줄포면,3,35.5911388222715,126.677645545578
상1동,3,37.491844598099,126.753161446942
죽전동,3,37.3311110877471,127.113932721957
연동면,3,36.5552990017923,127.327345245798
낙성대동,3,37.476291453394,126.958405215019
초계면,3,35.559974824557,128.265291765704
연수2동,3,37.4117257616841,126.681882505617
탄방동,3,36.3466402192893,127.395385119788
낙동면동부출장소,3,,
청학제1동,3,35.0968812043419,129.058360305613
하의면,3,34.6068607318669,126.036555049527
고성동,3,35.8818726325769,128.583635441335
염리동,3,37.5470619620453,126.94565571696
신동읍,3,37.2182019484655,128.671426990821
손불면,3,35.1432145349532,126.431735144933
삼화동,3,37.458061834786,129.006183895882
성주면,3,36.336087066462,126.651395706437
영강동,3,35.0040659070847,126.706949068584
상인2동,3,35.8124434965345,128.536231231256
아현동,3,37.5544867895966,126.955727151387
쌍문제3동,3,37.6489660489945,127.027934441938
서원면,3,37.4870801187572,127.850550659118
안기동,3,36.582917048574,128.714358108486
진례면,3,35.2490641531016,128.747720901894
남일면,3,36.5869307650524,127.5096277898
안성면,3,35.8635049251987,127.653046687405
당진2동,3,36.8898665891528,126.626112004768
안양5동,3,37.3942834524033,126.920880826242
생림면,3,35.3281454750583,128.849275392053
안양면,3,34.6500080307619,126.973986411431
생극면,3,37.0345729750972,127.606825874922
상중이동,3,35.8669731583545,128.546144518807
고제면,3,35.8148411245577,127.871425956367
내당2.3동,3,35.8606854560362,128.560736898516
암사제1동,3,37.5515625771126,127.132682054831
대강면,3,36.9223282728191,128.35205813541
대곡면,3,35.2643026729946,128.169386015517
성내제3동,3,37.5260568372238,127.13289932744
야로면,3,35.705202610573,128.167742683507
거여1동,3,37.4969783408308,127.143265167646
성수1가제1동,3,37.5420797008053,127.049651600525
신천3동,3,35.8753979272728,128.623654250842
추풍령면,3,36.2145778815498,127.99863671673
중제2동,3,35.1619695434828,129.179149129065
평리3동,3,35.876781241825,128.560915333886
해보면,3,35.1805503390195,126.601139324468
성수2가제3동,3,37.5482184239097,127.055250421934
송도1동,3,37.39104476025,126.652144103433
청학제2동,3,35.0918894288838,129.065734303062
사남면,3,35.0525545488098,128.075219526026
관평동,3,36.4231207490059,127.388769859047
청암면,3,35.156413905882,127.799472140069
청안면,3,36.7719839311622,127.639674461441
함창읍,3,36.5701566195806,128.179483501882
대연제6동,3,35.1373134824844,129.083108752935
대월면,3,37.2298674873104,127.492386468931
오정동,3,37.5289195819329,126.790771456185
부적면,3,36.2160915321739,127.128162510152
대지면,3,35.555584066339,128.467857909129
조원동,3,37.4825122141625,126.907817274289
부사동,3,36.3142129187361,127.433655534598
신기면,3,37.3496092010973,129.083182759223
옥구읍,3,35.9230013406336,126.685212628548
신가동,3,35.1798449626863,126.836000396367
부림면,3,35.4664102342273,128.324607785222
옥룡동,3,36.4576318877713,127.136233960415
부남면,3,35.9738261584757,127.558782680071
내일동,3,35.4936937456701,128.754167936421
해룡면신대출장소,3,,
수산면,3,36.9338039967423,128.181032174568
정왕4동,3,37.3655199054755,126.732172453178
수석동,3,37.5872355032201,127.171294960296
옥정1동,3,37.8372049275739,127.090141263801
대청동,3,36.3435465173523,127.492638313806
대청면,3,37.8252535468351,124.712308819936
청덕면,3,35.5594158631031,128.321751445331
북가좌제2동,3,37.5843228092477,126.914077318343
지평면,3,37.4744755232283,127.639309823993
갑천면,3,37.5609554668992,128.11019928627
대야동,3,37.4430460656539,126.788538285881
주례제1동,3,35.1513298047166,129.001139491523
영종동,3,37.494240638879,126.531529661324
학교면,3,35.0169150658813,126.537537756444
비산4동,3,35.8697544253751,128.57428464779
길음제1동,3,37.6103983239178,127.019502782008
북이면,3,36.7390178651797,127.541653839717
비산6동,3,35.8762708872266,128.569098868222
하청면,3,34.9553318073506,128.655205144336
강내면,3,36.6211438568932,127.357346689619
한남동,3,37.5346298557798,127.000552132438
북후면,3,36.6850427995251,128.702271893969
불광제1동,3,37.6103587706931,126.932086867815
수정제1동,3,35.1254142249042,129.042265410402
논공읍,3,35.7743375840323,128.419911564146
금호2동,3,35.128984609848,126.857159031362
종천면,3,36.0974707739784,126.670064523799
신녕면,3,36.045303051741,128.789747189931
송도4동,3,37.3880627741624,126.634935217348
주안4동,3,37.4545134005352,126.68741569546
가곡면,2,37.0284149192896,128.38539776772
장림제1동,2,35.0830616945122,128.966905210078
진봉면,2,35.85891994683,126.766077896568
경천면,2,36.0225508857765,127.252612375005
창평면,2,35.2389425945332,127.019001998481
청도읍유호출장소,2,,
회천1동,2,37.8470745060314,127.064652950499
충현동,2,37.5648190388811,126.954715932221
진건읍,2,37.6546666549973,127.177714275011
검암경서동,2,37.564419795723,126.673605568727
칠량면,2,34.5712964702647,126.79847385783
고아읍,2,36.2108902055951,128.32856234649
가덕면,2,36.5535696977216,127.548827630272
고척제1동,2,37.5003552584694,126.862762866771
진북면,2,35.1154620567239,128.46744816659
임오동,2,36.0892867811071,128.369261764845
창수면,2,37.9917323799477,127.189116048569
청소면,2,36.4454546883125,126.589555975994
계남면,2,35.7029307202134,127.577738704681
청림동,2,37.4918213170668,126.958636328522
고북면,2,36.6670828359664,126.534001232617
후암동,2,37.5486798277286,126.978150463736
자양제3동,2,37.5338324938553,127.072903328874
효령면,2,36.1568971001899,128.585428801378
천연동,2,37.5675017663094,126.958422464555
계림동,2,35.1585382581661,126.919571301579
일로읍,2,34.851488326683,126.490296798249
축산면축산출장소,2,,
고대면,2,36.9260417412938,126.596893375233
초동면,2,35.4216281760999,128.672917247381
철원읍,2,38.2159947520532,127.214250148342
자월면이작출장소,2,,
청량읍,2,35.4932938697985,129.269350570181
청라면,2,36.3904400624123,126.673574653082
진잠동,2,36.2998154609551,127.316521775687
해신동,2,35.989371006516,126.707624788823
탄벌동,2,37.4196788046505,127.246090873938
주월1동,2,35.1319350490311,126.893330603671
광남1동,2,37.3943514091376,127.228932963503
간전면,2,35.1782338603353,127.543856265688
한반도면쌍용출장소,2,,
형곡1동,2,36.1139998553778,128.334426970333
점동면,2,37.2039031933959,127.659851186914
하점면,2,37.7749161689116,126.411636420428
홍산면,2,36.2167349157019,126.760364101198
태전1동,2,35.9240817399256,128.543253903357
간석4동,2,37.4665998788673,126.700776310896
홍은제1동,2,37.5989166778931,126.947108251212
홍은제2동,2,37.5801515443518,126.934229091144
주촌면,2,35.2357219683869,128.830659015499
주포면,2,36.415090842993,126.587958619989
홍제제1동,2,37.5877181662169,126.94495136806
현동면,2,36.2906927632073,129.016869777202
감천면,2,36.0659751435049,128.125523778735
현도면,2,36.4865462583334,127.424177444023
정동면,2,35.056086498766,128.123876176644
갈산면,2,36.6052117759079,126.550065995037
정릉제1동,2,37.6014465243069,127.016655780772
정릉제2동,2,37.604723223254,127.010613599707
향촌동,2,34.9338452078738,128.093465043013
갈매동,2,37.6348963795758,127.116243895002
행주동,2,37.6184480222718,126.82532148245
조안면,2,37.535865528505,127.303396885845
행안면,2,35.7248236345851,126.722339602806
행신2동,2,37.6151363033157,126.833003973187
해평면,2,36.1998395640876,128.39129514516
해리면,2,35.4609884974522,126.539068432502
해안면,2,38.2851684890133,128.137124728997
정안면,2,36.6086932117711,127.12010407535
하빈면,2,35.9009239874899,128.445522157
하남읍,2,35.3753738864292,128.711098060317
죽장면,2,36.1601940486176,129.095792942795
평동,2,37.5678972658595,126.966843743393
회덕동,2,37.4385588695913,127.245126672849
장목면외포출장소,2,,
장산면,2,34.6432049602023,126.148997379315
태평3동,2,37.4453946985847,127.133190466751
지원1동,2,35.1253017701131,126.935174130734
가은읍,2,36.6426960359542,128.062057589476
태평4동,2,37.4477421334927,127.141467020711
지수면,2,35.2350536186244,128.269623700446
황성동,2,35.8722440457182,129.219247373958
지도읍,2,35.0612854130207,126.207463639848
장연면,2,36.8242290524119,127.955209175622
장위제1동,2,37.6140390353236,127.043732759303
판문동,2,35.1876559830497,128.039053612367
중흥동,2,34.827745755637,127.689616446983
장유3동,2,35.1776788440875,128.806095504259
각북면,2,35.6872929976266,128.589252807523
평리1동,2,35.8755828424603,128.563261285741
화원읍,2,35.7978288311981,128.489663846137
중앙탑면,2,37.0289315443417,127.857035068528
가회면,2,35.4351740211841,128.033678542349
화암면,2,37.3401338968677,128.787796810301
중산2동,2,37.6745144686217,126.786010528471
평창동,2,37.6063916960375,126.968357810931
거류면,2,34.9917401588512,128.404242067647
화서1동,2,37.2764477166725,126.995007238083
가흥1동,2,36.8159295876364,128.603553279733
개포4동,2,37.4771567985783,127.049929692501
중곡제4동,2,37.5590779184909,127.089447499249
풍각면,2,35.6388854505595,128.618228093685
풍양면,2,34.5755391244727,127.241964766341
일반성면,2,35.1712791717551,128.277166572225
,2,,
남산2동,2,35.8640456753962,128.589542181569
남목1동,2,35.5392538637096,129.420802581405
영등1동,2,35.9523840433856,126.972612961301
산격1동,2,35.9003830618516,128.596896272502
백산면,2,35.8282257937347,126.892141143981
나성동,2,36.4890988968745,127.263975556135
염포동,2,35.5306796772652,129.394451689646
염산면,2,35.2179387980198,126.371795037202
연초면,2,34.9145644239732,128.656635715269
송림6동,2,37.4773636994107,126.647954792785
백아면,2,35.1680831807798,127.132292541318
대방동,2,37.5081642609998,126.926343500008
백학면,2,38.0297127942562,126.917969879355
범서읍,2,35.5686301683066,129.230585133979
성수1가제2동,2,37.5463633733526,127.044313307763
송천1동,2,35.8571148738597,127.12091303694
엄다면,2,35.0103445156592,126.51592214965
어룡동,2,37.8863367059278,127.18017028937
별내동,2,37.6462466000952,127.121972451813
남사읍,2,37.1157126870885,127.150478244526
대흥면,2,36.606749087,126.78834896798
병점2동,2,37.2114782526586,127.0430216781
보개면,2,37.023044934813,127.290894272217
양지동,2,37.4548459679088,127.160987909728
보라동,2,37.2539587463779,127.108297628115
양도면,2,37.6628523497571,126.422096586903
방화제1동,2,37.5703442238475,126.817052873863
산곡4동,2,37.501772843059,126.711447589492
길음제2동,2,37.606695510248,127.02731160121
방배4동,2,37.4890604237229,126.992482898494
성연면,2,36.8390956293772,126.461004462777
성전면,2,34.6926907109657,126.709063655571
능주면,2,34.9898568400173,126.958036980673
물야면,2,36.9751823190026,128.735794837411
옥산면,2,36.6646302802758,127.375627830805
삼가동,2,37.2383199063402,127.162216750898
미양면,2,36.978130824634,127.217104719373
옥곡면,2,34.989540010679,127.698869701732
신도림동,2,37.5077809050365,126.880610228674
반구2동,2,35.5633601452993,129.340820806791
오천면,2,36.4370877555058,126.523424331254
세종대왕면,2,37.3001972675326,127.573501871315
반송제1동,2,35.2251642170907,129.14790571074
산척면,2,37.0816686531554,127.9559645917
오근장동,2,36.6941283242466,127.481151669598
오가면,2,36.6871247322111,126.797608063432
반여제3동,2,35.2009439379447,129.133509124599
반월중앙동,2,35.1940924244062,128.564132506568
기산면,2,36.0746756300386,126.762252308365
소양면,2,35.8560730202613,127.233391196792
영인면,2,36.8565575654067,126.954773903686
반포4동,2,37.4974688612417,127.000307593388
산수1동,2,35.1573084826241,126.930723482674
송탄동,2,37.0444343134104,127.094883242456
보문동,2,37.5803802951263,127.022823355231
양감면,2,37.08130590205,126.94442445685
대저2동,2,35.1785857250486,128.956533692716
대의면,2,35.371910260885,128.108277356058
부주동,2,34.8104362555293,126.447589946106
신풍동,2,37.2838355056378,127.014118222441
대원동,2,35.2251861579631,128.646407791933
신평제1동,2,35.0900413357013,128.974392493732
부평3동,2,37.4860226851717,126.708265383031
대원2동,2,37.1319831910998,127.078678700475
신평1동,2,36.1208683301555,128.359271767834
부평6동,2,37.4864543909223,126.724455161682
신태인읍,2,35.6877238337461,126.8868731141
신천1.2동,2,37.5214778269442,127.098426447812
신창면,2,36.8037152715711,126.936185535566
부항면,2,35.9901828610376,127.955077207242
불당2동,2,36.8173797799299,127.108504306793
신인동,2,36.754919739773,126.984545873322
신의면,2,34.5848391991981,126.088366082745
신월2동,2,37.5249805841786,126.84458121373
신곡2동,2,37.7436585152018,127.057936865949
신광면,2,35.1557041534675,126.497981144539
신길제4동,2,37.5084350908832,126.911373011398
북삼읍,2,36.0629211942497,128.342975570345
신니면,2,36.9955733900117,127.736394413436
신둔면,2,37.3062420303844,127.404039913146
남천제2동,2,35.1437908151774,129.114738817048
부암동,2,37.5924142953536,126.964061015983
약수동,2,37.5524332632785,127.009003709806
비래동,2,36.3548963656828,127.450017671709
송하동,2,35.1091264647867,126.881219956665
송해면,2,37.7647980152118,126.463254769088
본오1동,2,37.2850848274388,126.864241834055
송현2동,2,37.4784942952232,126.63338327382
수곡1동,2,36.618290810791,127.479960082338
봉개동,2,33.4917232670645,126.594687244154
안흥면,2,37.4125128396148,128.156049802743
노은면,2,37.0481450135854,127.754137176944
수유2동,2,37.6450249961345,127.019765644211
봉성면,2,36.8859265807459,128.81804584461
대치2동,2,37.5022592044326,127.064164457307
부개1동,2,37.4848141337887,126.736916580491
안산동,2,37.3618773099593,126.873350911358
남제동,2,34.9413953805332,127.487954543344
남종면,2,37.4941643633658,127.301699267454
악양면,2,35.1623206608427,127.708931972841
아주동,2,34.8660090889378,128.692131172751
아미동,2,35.1001913523075,129.0154023858
순흥면,2,36.9157545347253,128.574927410688
남천면,2,35.7666300311355,128.726857131324
비산2.3동,2,37.4142533482227,126.956846462275
쌍문제2동,2,37.6599005993121,127.039711438411
숭인제1동,2,37.5778010184557,127.015640704357
삼기면,2,36.0202816161642,126.984091518518
미탄면,2,37.3420792035649,128.495781431646
옥종면,2,35.1829311951799,127.879540409871
도천면,2,35.435134896097,128.518022212759
구서제2동,2,35.2595473617879,129.08803502198
서하면,2,35.6476231873354,127.695456623855
서홍동,2,33.2559638228815,126.560176365515
서후면,2,36.6169205993863,128.663856494908
유천2동,2,36.315403559761,127.399195962192
유림1동,2,37.2559417124589,127.20772272169
석곡면,2,35.1329306334753,127.25410906693
위례동,2,37.4811482419831,127.144257010883
매곡동,2,34.9640912213653,127.482763269533
월항면,2,35.9455853780348,128.315794445236
석남2동,2,37.5025060089161,126.674599076297
월산면,2,35.3402210254092,126.954737011095
석남동,2,37.5110804950592,126.674801640164
삼학동,2,35.9769647785834,126.712908367151
월산4동,2,35.1466899328176,126.890840024197
매송면,2,37.2523370989406,126.909117423432
월곡제2동,2,37.6057915694886,127.047886454933
월계3동,2,37.6210148773623,127.069259441758
면목제4동,2,37.5746895999006,127.085626342163
대동면,2,35.0689796979027,126.531398569767
도덕면,2,34.5666780226172,127.177968403828
면목제7동,2,37.5777562654972,127.086064568936
원효로제2동,2,37.5343604221086,126.951530188917
면천면,2,36.8176332919271,126.666941412252
원성1동,2,36.8071592914479,127.158380049436
원삼면,2,37.1666105822829,127.313205092472
응암제1동,2,37.6006969911169,126.926786873558
만수3동,2,37.4619617233184,126.72304852151
답십리제2동,2,37.5673273970901,127.061286310887
상2동,2,37.50054006063,126.754394911611
상사면,2,34.9391140861332,127.45518594731
동산동,2,37.6427193986965,126.898129191493
교하동,2,37.7521392701941,126.748059991604
상촌면,2,36.1488113635982,127.914178027556
동백2동,2,37.2725338354542,127.1516872704
상대원3동,2,37.4396954830549,127.16551607547
대가면,2,35.9103167169306,128.228756519904
상대원1동,2,37.4332385925515,127.16438100593
이화동,2,37.5769946840177,127.004338052474
동홍동,2,33.2579021227103,126.56887224757
이촌제2동,2,37.5262598665621,126.954675898191
대덕읍,2,34.4993929095263,126.888276074183
이문제1동,2,37.5978219540464,127.065505630651
서빙고동,2,37.5204623812775,126.994638088433
둔덕면,2,34.8369264948153,128.505119651442
상계3.4동,2,37.6820365797489,127.0776020122
구림면,2,35.4529742616055,127.102315147398
이곡1동,2,35.8516436462673,128.510660669925
서신동,2,35.8310848804564,127.115308857862
의흥면,2,36.1758227002044,128.715175557015
의창동,2,35.2620326085633,128.622865123713
당리동,2,35.1040115530745,128.974501347418
당감제1동,2,35.1644809324453,129.035669924134
마천1동,2,37.4960185554884,127.149971448599
서초1동,2,37.4901474659138,127.019530273485
석보면,2,36.5580530763624,129.124722406698
신덕면,2,35.683971356388,127.178285754266
용답동,2,37.5640758244216,127.055579052769
다산면,2,35.8227332196261,128.45168466056
도림동,2,37.5094388403258,126.895944463887
도안면,2,36.8133481726338,127.612937976291
묵제2동,2,37.6095538410049,127.075876510914
군동면,2,34.6448765115637,126.814988663319
무안면,2,35.4707122682009,128.651336977932
금남동,2,35.0325016775102,126.715680239837
왕궁면,2,35.9663638777067,127.087860607377
용호제4동,2,35.1132056480764,129.110394664286
다산2동,2,37.6076834642945,127.169430143245
다압면,2,35.123283704433,127.691137259591
다도면,2,34.9472863103806,126.827553747704
모서면,2,36.3424715915675,127.960073959759
용현면,2,35.0136711392098,128.061327098779
묵제1동,2,37.6124136763103,127.078484387322
무태조야동,2,35.9213407929799,128.59710043336
선장면,2,36.7912629902316,126.861272980233
운남면,2,34.9622367003993,126.343266328668
운봉읍,2,35.4398031429859,127.528909077171
운산면,2,36.8107317868592,126.580652847469
금수강산면,2,35.9195778312606,128.175787360122
귀래면,2,37.1697663767707,127.884667844212
성산제1동,2,37.5633862382559,126.907889758423
웅남동,2,35.2096960266067,128.656702468337
대명1동,2,35.8416698355898,128.573552298676
용방면,2,35.2506614520553,127.430154325938
성동면,2,36.2036143159241,127.03359451631
온양4동,2,36.7982444640487,126.978441683027
선부2동,2,37.3386240908448,126.802661922989
용산동,2,37.5461257352926,126.985574456915
삼송2동,2,37.6507647417279,126.870160438005
용궁면,2,36.6086508026393,128.277405203635
용강동,2,37.54231770904,126.942708117541
모충동,2,36.6277367878267,127.47673617018
상계1동,1,37.6799070536742,127.054948904465
삼향동,1,34.8304746374383,126.417897011827
평리5동,1,35.8743202348999,128.550547843747
풍세면,1,36.7222012528491,127.118735814078
불로.봉무동,1,35.9102575293579,128.639298129545
삼국유사면,1,36.1235085738599,128.794662177619
평내동,1,37.6483691097275,127.23609678062
개봉제1동,1,37.500265507775,126.851146433462
학운동,1,35.1324901722545,126.933553350518
상도제1동,1,37.5032426328398,126.94974984805
불갑면,1,35.2090600528838,126.507615978208
상도제3동,1,37.4992040702832,126.931341762113
북천면,1,35.1146972987785,127.892851440139
상대원2동,1,37.4328960826533,127.159205385058
풍향동,1,35.1645148104355,126.923183217329
산이면,1,34.6450824258494,126.447733449715
비전1동,1,37.0109387886738,127.112167634516
사벌면,1,36.4663508052293,128.208579732352
대봉2동,1,35.8587715630281,128.599364322671
강서제2동,1,36.6614318311172,127.428329458429
사직2동,1,36.6316595464412,127.47376391375
사직제2동,1,35.1990980406593,129.057533510146
사벌국면,1,36.4663508052293,128.208579732352
삼평동,1,37.4061209184774,127.116359386936
하대동,1,35.1893640873663,128.127403704554
삼장면,1,35.2982299322661,127.831735620344
사량면,1,34.8455136076962,128.220071805183
사당제4동,1,37.4809589934127,126.971630754658
개천면,1,35.0987319004086,128.258983112372
산양면,1,36.6117474414138,128.258727920561
하단제1동,1,35.103933255639,128.964235285574
산격3동,1,35.8934866469649,128.608306428817
하장면,1,37.3494432358995,128.943070012541
비산동,1,37.3998702682225,126.933356967257
평촌동,1,37.3946500875002,126.977074976104
대성동,1,36.6343826164068,127.49723844412
산동읍,1,36.1696724548387,128.434145332359
개령면,1,36.1677333500619,128.186120434518
삼호동,1,35.4140677065398,129.178534584841
삼랑진임천출장소,1,,
대명11동,1,35.8377529169751,128.559353433728
사리면,1,36.8169178280639,127.648700350185
교남동,1,37.5683831622412,126.964634002163
북안면,1,35.9153348763672,129.009137826744
가좌3동,1,37.492475936711,126.679835128133
회성동,1,35.2330571694328,128.561712414015
도척면,1,37.3045727355777,127.331124360872
명석면,1,35.2195474676189,128.040338594136
황전면,1,35.101365958709,127.427012723378
가장동,1,37.1635663562952,127.035343134386
명일제1동,1,37.5512605741443,127.144346767847
명일제2동,1,37.5463359336273,127.151371265101
명장제2동,1,35.2079510154057,129.102418069335
황룡면,1,35.2889578066578,126.773115653332
황남동,1,35.8353030004241,129.211339429787
명호면,1,36.8579848051283,128.898746772317
목1동,1,37.5303536819518,126.871138769505
북아현동,1,37.559565244981,126.956901214305
가천면,1,35.8843986998295,128.166208490206
목감동,1,37.3918239301918,126.870188284126
목면,1,36.4189809901394,127.003902576219
묘산면,1,35.6584182847634,128.113331238062
도마2동,1,36.3127683793094,127.373585394271
가포동,1,35.1695519621351,128.572038898109
문광면,1,36.7899132875074,127.785128205185
도당동,1,37.516268049592,126.785924784297
문정1동,1,37.4901342707729,127.124183183715
화산면,1,36.0356724556516,127.203481630258
문정2동,1,37.4898951926477,127.110912385336
회인면,1,36.4947951319883,127.596565256625
매곡면,1,36.1908730758594,127.932125380455
회천3동,1,37.8377670535656,127.068893589247
망원제1동,1,37.5555962174351,126.905604188078
동산면,1,37.7523096450281,127.796298351078
동성동,1,36.4153164814755,128.169774915513
흥선동,1,37.7462671627313,127.030648707529
동읍,1,35.2847013679006,128.682391858961
가능동,1,37.7506435264153,127.038616105186
동춘1동,1,37.4096050140191,126.67078140445
동춘2동,1,37.4027784273269,126.66931590967
휴천면,1,35.4806813020567,127.750233904394
동탄3동,1,37.2098747625873,127.058896137215
동화동,1,37.559985970947,127.019430780665
두암3동,1,35.1630109192178,126.934757864067
두원면,1,34.6466063208418,127.273702715805
독산제2동,1,37.4661325181369,126.899775480394
득량면,1,34.7621865432217,127.168683118946
등촌제1동,1,37.5558415907103,126.858921911462
등촌제3동,1,37.558880514274,126.847924290465
마로면,1,36.4357352807836,127.820440392537
만수1동,1,37.4486761663905,126.731966686825
만수2동,1,37.4614001676909,126.731143621301
효동,1,36.31705238059,127.441818056525
만수5동,1,37.4580153652916,126.727728789887
만촌2동,1,35.859858667454,128.647217328044
도화2.3동,1,37.5415497123869,126.949873511116
도곡1동,1,37.4883045975412,127.03896912922
화북동,1,33.5202191791968,126.565465645477
문현제4동,1,35.1363401012896,129.06923529122
향동,1,37.5999325614607,126.89319590984
보산동,1,37.917706981331,127.061284747582
대호지면,1,36.9000351470159,126.50416688465
복산동,1,35.205756661579,129.086120750625
행신3동,1,37.6264532962939,126.838615510525
행당제1동,1,37.5585043841656,127.036203372396
봉강면,1,35.0114830034612,127.581217697555
봉덕1동,1,35.8452828044063,128.596414939028
봉덕2동,1,35.8443761350651,128.601974969451
봉래제2동,1,35.0934074873461,129.046155123127
해안동,1,37.4727469636341,126.620035518099
부곡제1동,1,35.2244328831284,129.092129323542
부곡제3동,1,35.2405487665113,129.093808673947
부론면,1,37.2076020452332,127.750494148523
부민동,1,35.103817907222,129.018421764849
갈현동,1,37.6198652831792,126.914367182376
함열읍,1,36.0781726914003,126.966214678818
한천면,1,34.9778720473855,126.998720879449
한수면,1,36.8851008387052,128.081867979206
대연제4동,1,35.1298132670843,129.091416587293
북내면,1,37.3293080150057,127.678949704888
대야면,1,35.9467560948945,126.811558542794
북산면,1,37.9873330402956,127.885966945811
북성동,1,37.476144140977,126.603159858587
보문면,1,36.6653049953072,128.510892929685
대구면,1,34.4953515021277,126.800947563624
미암면,1,34.6992627352206,126.57180220903
현경면,1,35.0214119096333,126.411936248244
덕풍2동,1,37.5422807932932,127.198086333483
화곡제4동,1,37.5346271912572,126.86087171755
반여제1동,1,35.2011026587806,129.118933564247
반여제2동,1,35.1958840042713,129.13018436031
홍제제2동,1,37.5861524257405,126.94939073794
반포1동,1,37.5050906143731,127.013377148581
방림면,1,37.4264490397723,128.394222710894
방림면계촌출장소,1,,
방배1동,1,37.483369766452,126.994491495079
방촌동,1,35.8771420800695,128.667616062007
방학제2동,1,37.6682487842434,127.034982623108
백곡면,1,36.8834463138955,127.376450133252
덕천제1동,1,35.2124671848913,129.016654725725
호암.직동,1,36.9529358203829,127.933609911294
덕진면,1,34.818877550246,126.697025928761
백운면,1,37.1377198692023,128.025820670759
호계1동,1,37.3716409699637,126.961104846097
백현동,1,37.3885382845906,127.110839685197
범어4동,1,35.8580767172929,128.64125595278
범천제2동,1,35.1465010901053,129.056142444328
법전면,1,36.9107530436257,128.876932803241
변동,1,36.3258260182586,127.386762476923
현동,1,35.1498879001074,128.553792117888
상도제4동,1,37.4993752739532,126.941401972639
소이면,1,36.9236357753425,127.757595811822
거제제2동,1,35.1877633021374,129.070323489536
남목3동,1,35.5460588634724,129.431348523112
오포읍,1,37.3497062329604,127.167264087448
금천동,1,36.6244437109155,127.499262949215
금지면,1,35.3576326002419,127.303859603117
금정면,1,34.8630997515941,126.748994019962
옥룡면,1,35.0169335900617,127.619301169448
광명5동,1,37.4787628191951,126.847489854219
제원면,1,36.112531032528,127.546093650617
광명6동,1,37.4710696923144,126.848649510558
옥서면,1,35.9244283178796,126.64494109808
옥성면,1,36.2958894886261,128.278813930207
광석면,1,36.2428738961579,127.079847433406
옥암동,1,34.8102423965293,126.429794509856
옥정2동,1,37.8214096909349,127.09434261652
광시면,1,36.5488677996553,126.773227939431
금사면,1,37.3925054398157,127.533302392792
옹동면,1,35.643503216029,126.974507478752
정릉제4동,1,37.6133765955268,127.00699953542
왕정동,1,35.4082437586717,127.369756855967
금광2동,1,37.4462245184191,127.164016143871
금과면,1,35.3396361556059,127.086450929891
용담.명암.산성동,1,36.6352352857481,127.503626137216
점촌4동,1,36.605508969524,128.182310514758
궁류면,1,35.4473673891066,128.249001652338
용암2동,1,36.6071769591588,127.508048625278
용운동,1,36.3281414785861,127.461580056854
금촌3동,1,37.7714195298293,126.778367584454
금학동,1,36.4388552100094,127.119395714885
광교2동,1,37.2922204615723,127.07012527411
영남면,1,34.6020244979989,127.455946533079
남목2동,1,35.5246283699032,129.431358490589
연기면,1,36.5430865816296,127.239397335324
과역면,1,34.6812713155092,127.359869695306
낙월면,1,35.202158922442,126.137611041342
연산제1동,1,35.1899949366227,129.090437864101
낙안면,1,34.908061792763,127.346250990193
연성동,1,37.3815685059316,126.803570165989
연일읍,1,35.9916254535625,129.344150516075
주엽2동,1,37.6741121923595,126.760475493487
주엽1동,1,37.6701139478694,126.763299350405
영귀미면,1,37.6780725461921,127.935063630646
영등2동,1,35.9601104016108,126.977026701122
금호4가동,1,37.5471912743568,127.022401326841
주안3동,1,37.4480537709644,126.671042430656
길안면,1,36.4559981698527,128.894465404069
주상면,1,35.749205025993,127.913362413557
영선제2동,1,35.08700423559,129.041315880147
주례제3동,1,35.1473711074488,129.001402413305
주례제2동,1,35.148270064893,129.012413852767
영운동,1,36.618004162196,127.498850292467
기성동,1,36.2558621398539,127.341633684859
좌천동,1,35.131410455073,129.049211884999
좌제1동,1,35.1708713609406,129.174215536869
기계면,1,36.0724105372443,129.210191986093
용이동,1,37.0036183281673,127.14248240822
용주면,1,35.5406621839102,128.11335977268
용현1.4동,1,37.7338683010294,127.079978282419
이천동,1,36.6006093172837,128.715880494102
잠실3동,1,37.5133248862517,127.094383266833
구미동,1,37.3402676009462,127.12270368209
구문소동,1,37.1001005572543,129.022152459285
작전1동,1,37.5308282189079,126.729686320015
자인면,1,35.8208779132899,128.822555978051
자월면,1,37.2546232671259,126.307202843874
자양제2동,1,37.5288440921007,127.084415425866
자양제1동,1,37.5345073783871,127.082439566695
자양동,1,37.5311077958687,127.073018338792
이로동,1,37.497109835534,129.060333585176
이산면,1,36.8218063164888,128.656232689777
이태원제2동,1,37.5419095312041,126.990182855047
응암제2동,1,37.5946147425877,126.923074273439
구갈동,1,37.27242888979,127.127604033598
임동면,1,36.5688567165587,128.917583937536
인계면,1,35.4118204541221,127.141255266788
임고면,1,36.0210730614807,128.973992156666
교현2동,1,36.9814769299974,127.929102109455
일직면,1,36.4752869602867,128.65952881444
일직동,1,37.4191474463948,126.881419847337
인제읍귀둔출장소,1,,
인지면,1,36.7531440057611,126.425377819565
인창동,1,37.6044843983227,127.13492316761
일산1동,1,37.6872501474118,126.76855529633
구산동,1,37.6117570303251,126.910376186527
장군면,1,36.4967113002568,127.205654457633
용호제3동,1,35.1210180111848,129.11281175147
원미2동,1,37.491956015093,126.788287398746
적중면,1,35.5476284182543,128.278577655919
적량면,1,35.0832060800972,127.776936681526
우장산동,1,37.5481974467963,126.84179449484
광적면,1,37.8246285211534,126.983684913461
구항면,1,36.5878102156087,126.610817008219
장항1동,1,37.6416537178263,126.770564074384
장평면,1,36.3418321562668,126.893054690108
구평동,1,36.0871679177654,128.445319054211
웅치면,1,34.7159649982748,127.020213423157
원당동,1,37.671684571721,126.856884767942
장전제1동,1,35.2382318628271,129.084575433422
장위제2동,1,37.6124055577354,127.054518647757
율목동,1,37.4703767738302,126.632975267383
월계1동,1,37.6198903481106,127.063001311172
장암면,1,36.2439353059178,126.886455185619
장암동,1,37.7263976740223,127.054270875497
구암동,1,36.351938588859,127.323679920393
광평동,1,36.1047075384916,128.366064715383
월산5동,1,35.1408978868071,126.892976549916
구암2동,1,35.2490090669703,128.598422551607
위도면,1,35.6025864050154,126.293014866997
장마면,1,35.4581556998893,128.47291048672
구성면,1,36.0326948202075,128.047354683101
율곡면,1,35.5723363316358,128.218022637923
역촌동,1,37.6043976551679,126.915123289569
엄정면,1,37.0866781306913,127.914877536217
상암동,1,37.5783209050877,126.894689433213
중2동,1,37.4939831233981,126.769894815454
소보면,1,36.2549801744472,128.475262006979
농소동,1,35.5892094066853,126.841926982366
농소3동,1,35.6286338423249,129.339624079956
일봉동,1,36.8009947822973,127.141971707216
소태면,1,37.1097895873743,127.847739119082
소하1동,1,37.452247041886,126.884957055017
농소2동,1,35.6383281965728,129.348370508625
계양2동,1,37.5437725115121,126.737116898382
송광면,1,34.974080840206,127.263841176795
송림1동,1,37.4737522667498,126.639520152805
송산1동,1,37.7311209119166,127.086813500218
송악면,1,36.7316354229231,127.009036813985
송정1동,1,35.140713172646,126.798770309399
청천1동,1,37.519841283762,126.701916736828
청전동,1,37.1490125810588,128.214450936945
송죽동,1,37.3005053421739,127.006983971536
고군면,1,34.4904769630972,126.343006604014
송촌동,1,37.7494561539522,126.693990319619
고금면,1,34.3949158542465,126.804321956216
고달면,1,35.2956544856165,127.3413414348
송포동,1,37.6714314701667,126.735452119976
송현1동,1,37.4784942952232,126.63338327382
수내1동,1,37.3756648547319,127.117883927412
수신면,1,36.7311311260146,127.280963043924
순성면,1,36.845568956914,126.714613956944
농소면,1,36.1060493924558,128.172385902402
세교동,1,37.1858036797342,127.03771850205
계곡면,1,34.645104125145,126.659549045636
달산면,1,36.3990668602807,129.303276694489
상월면,1,36.2956702968387,127.141242034906
상패동,1,37.9053716773163,127.04430940811
생초면,1,35.4931571847979,127.832893459219
당진3동,1,36.9085217953484,126.645778904174
서대신제3동,1,35.1134745794627,129.01193928467
서도면,1,37.6504198627875,126.239320129833
서면태하출장소,1,,
서삼면,1,35.3341754727205,126.76716857553
서서학동,1,35.805758849546,127.148698381465
서초4동,1,37.502685408513,127.022170883244
탕정면,1,36.7984865787093,127.061219535209
석성면,1,36.2532714867199,127.002341042089
능동,1,37.5537792609497,127.080536887135
석수1동,1,37.419583999552,126.910628303316
석포면,1,37.0486594374673,129.065160646698
칠북면,1,35.3467294308858,128.521698772522
칠금.금릉동,1,36.982124669975,127.919046610961
칠곡면,1,35.3414337236456,128.192640495476
다인면,1,36.4503084215361,128.353563118474
성내면,1,35.5381019918301,126.743278570826
춘포면,1,35.9009295782777,127.005263838552
성내제2동,1,37.5359945895602,127.128269010821
성수면,1,35.6298865194596,127.333125544753
경화동,1,35.1543440473174,128.686892962301
청계동,1,37.4000497874321,127.018485897202
고부면,1,35.6185618287645,126.771689579295
시흥동,1,37.4476688042386,126.908452220723
약사명동,1,37.876574700778,127.724782506293
지산1동,1,35.1489954559905,126.932714672927
안심3동,1,35.867867452798,128.724547847892
지례면,1,35.9848042370408,128.026687113862
지동,1,37.2815595456453,127.024708400375
안심4동,1,35.8701366377535,128.711054688741
남원동,1,36.4154943343843,128.15259914638
안정면,1,36.8459075740037,128.556681780922
증도면병풍출장소,1,,
암태면,1,34.827278552513,126.112089705104
남양면,1,36.4012956752422,126.776109949944
약대동,1,37.5132817149291,126.771283379886
공근면,1,37.5364543513987,127.961772076306
지천면,1,35.956195700675,128.491009746064
약산면,1,34.3936128447414,126.898182301264
남선면,1,36.300432421187,127.24223856908
양금동,1,36.1104091932131,128.123292189576
남상면,1,35.6431995956797,127.910197911317
중부동,1,35.3395324207381,129.033717982828
남산4동,1,35.8582317998805,128.580503806662
양재1동,1,37.4716393313202,127.026728803944
중동면,1,37.1452872087537,128.680530612342
양촌면,1,37.6571252239981,126.625498579495
남산1동,1,35.8593406275678,128.590440088879
양화면,1,36.1353638986726,126.881212367285
지산2동,1,35.1479832887932,126.934471364199
직산읍,1,36.8787570251549,127.150433811141
철암동,1,37.1172794336425,129.03979919636
신월1동,1,37.5328014029807,126.831535897403
신길동,1,37.5041663202167,126.91406973946
신내1동,1,37.6058746703089,127.099496657031
신대방제2동,1,37.4984034227495,126.924525599335
창제5동,1,37.6563061158878,127.043585282088
신방동,1,36.785913792776,127.122481782341
신암1동,1,35.884298713376,128.616354775617
신암5동,1,35.8897530431734,128.633090148054
신암면,1,36.7345295586017,126.826287900017
고암면,1,35.5763918887144,128.510958475847
신원면,1,35.5677263581315,127.925148134174
차황면,1,35.4636815707038,127.92781082711
내덕2동,1,36.6595072069263,127.490868126768
쌍림면,1,35.6798174672302,128.241900027501
진위면,1,37.1001416853059,127.090848944811
내곡동,1,37.4582463131037,127.076916934729
진성면,1,35.1849539698324,128.223337045429
신평2동,1,36.1231488237766,128.365713316539
남후면,1,36.5236707126654,128.689985250648
고척제2동,1,37.506711457494,126.858611784382
신풍면,1,36.5147051262692,126.955478231409
신현원창동,1,37.5168655769642,126.667274778532
심원면,1,35.5242870320365,126.551072403269
십정1동,1,37.4758143980943,126.696154157299
쌍령동,1,37.3998686132248,127.270217546083
동삼제1동,1,35.0749128257717,129.068397435745
